ANIO,PAIS,DELITO,MASCULINO,FEMENINO,TOTAL
2018,ALBANIA,NARCOTRÁFICO,2,0,2
2018,ALBANIA,NARCOTRÁFICO,2,0,2
2018,ALBANIA,NARCOTRÁFICO,2,0,2
2018,ALBANIA,NARCOTRÁFICO,2,0,2
2018,ALEMANIA,DELITO MIGRATORIO,2,1,3
2018,ALEMANIA,DESCONOCIDO,14,0,14
2018,ALEMANIA,EXTORSIÓN,1,0,1
2018,ALEMANIA,FALSEDAD EN DOCUMENTO,3,2,5
2018,ALEMANIA,LAVADO DE ACTIVOS,2,0,2
2018,ALEMANIA,LESIONES PERSONALES,1,0,1
2018,ALEMANIA,NARCOTRÁFICO,15,0,15
2018,ALEMANIA,NO REPORTA – CONFIDENCIALIDAD ESTATAL,2,0,2
2018,ALEMANIA,OTROS,1,0,1
2018,ALEMANIA,ROBO / HURTO,5,1,6
2018,ALEMANIA,SECUESTRO,1,0,1
2018,ALEMANIA,DELITO MIGRATORIO,2,1,3
2018,ALEMANIA,DESCONOCIDO,14,0,14
2018,ALEMANIA,EXTORSIÓN,1,0,1
2018,ALEMANIA,FALSEDAD EN DOCUMENTO,3,2,5
2018,ALEMANIA,LAVADO DE ACTIVOS,2,0,2
2018,ALEMANIA,LESIONES PERSONALES,1,0,1
2018,ALEMANIA,NARCOTRÁFICO,14,0,14
2018,ALEMANIA,NO REPORTA – CONFIDENCIALIDAD ESTATAL,2,0,2
2018,ALEMANIA,OTROS,1,0,1
2018,ALEMANIA,ROBO / HURTO,6,2,8
2018,ALEMANIA,SECUESTRO,1,0,1
2018,ALEMANIA,DELITO MIGRATORIO,0,1,1
2018,ALEMANIA,DESCONOCIDO,14,0,14
2018,ALEMANIA,EXTORSIÓN,1,0,1
2018,ALEMANIA,FALSEDAD EN DOCUMENTO,2,2,4
2018,ALEMANIA,LAVADO DE ACTIVOS,2,0,2
2018,ALEMANIA,LESIONES PERSONALES,1,0,1
2018,ALEMANIA,NARCOTRÁFICO,16,2,18
2018,ALEMANIA,NO REPORTA – CONFIDENCIALIDAD ESTATAL,1,0,1
2018,ALEMANIA,OTROS,1,0,1
2018,ALEMANIA,ROBO / HURTO,5,3,8
2018,ALEMANIA,SECUESTRO,1,0,1
2018,ALEMANIA,VIOLENCIA DE GENERO,1,0,1
2018,ALEMANIA,DELITO MIGRATORIO,0,1,1
2018,ALEMANIA,DESCONOCIDO,14,0,14
2018,ALEMANIA,EXTORSIÓN,1,0,1
2018,ALEMANIA,FALSEDAD EN DOCUMENTO,2,2,4
2018,ALEMANIA,LAVADO DE ACTIVOS,2,0,2
2018,ALEMANIA,LESIONES PERSONALES,2,0,2
2018,ALEMANIA,NARCOTRÁFICO,16,2,18
2018,ALEMANIA,NO REPORTA – CONFIDENCIALIDAD ESTATAL,1,0,1
2018,ALEMANIA,OTROS,1,0,1
2018,ALEMANIA,ROBO / HURTO,6,3,9
2018,ALEMANIA,SECUESTRO,1,0,1
2018,ALEMANIA,VIOLENCIA DE GENERO,1,0,1
2018,ARGENTINA,AMENAZAS,2,0,2
2018,ARGENTINA,CONTRABANDO,4,2,6
2018,ARGENTINA,DELITOS SEXUALES,8,0,8
2018,ARGENTINA,DESACATO A LA AUTORIDAD,3,0,3
2018,ARGENTINA,DESCONOCIDO,81,7,88
2018,ARGENTINA,FALSEDAD EN DOCUMENTO,5,0,5
2018,ARGENTINA,FRAUDE / ESTAFA,2,3,5
2018,ARGENTINA,HOMICIDIO / TENTATIVA DE,19,3,22
2018,ARGENTINA,LAVADO DE ACTIVOS,1,0,1
2018,ARGENTINA,LESIONES PERSONALES,2,1,3
2018,ARGENTINA,NARCOTRÁFICO,85,20,105
2018,ARGENTINA,NO REPORTA – CONFIDENCIALIDAD ESTATAL,4,0,4
2018,ARGENTINA,OTROS,10,0,10
2018,ARGENTINA,PORTE ILEGAL DE ARMAS,6,0,6
2018,ARGENTINA,ROBO / HURTO,146,11,157
2018,ARGENTINA,SECUESTRO,1,0,1
2018,ARGENTINA,VIOLENCIA INTRAFAMILIAR,1,0,1
2018,ARGENTINA,AMENAZAS,2,0,2
2018,ARGENTINA,CONTRABANDO,4,2,6
2018,ARGENTINA,DELITOS SEXUALES,8,0,8
2018,ARGENTINA,DESACATO A LA AUTORIDAD,2,0,2
2018,ARGENTINA,DESCONOCIDO,81,7,88
2018,ARGENTINA,FALSEDAD EN DOCUMENTO,5,0,5
2018,ARGENTINA,FRAUDE / ESTAFA,1,3,4
2018,ARGENTINA,HOMICIDIO / TENTATIVA DE,20,3,23
2018,ARGENTINA,LAVADO DE ACTIVOS,1,0,1
2018,ARGENTINA,LESIONES PERSONALES,1,1,2
2018,ARGENTINA,NARCOTRÁFICO,82,20,102
2018,ARGENTINA,NO REPORTA – CONFIDENCIALIDAD ESTATAL,4,0,4
2018,ARGENTINA,OTROS,10,0,10
2018,ARGENTINA,PORTE ILEGAL DE ARMAS,6,0,6
2018,ARGENTINA,ROBO / HURTO,143,10,153
2018,ARGENTINA,SECUESTRO,1,0,1
2018,ARGENTINA,VIOLENCIA INTRAFAMILIAR,1,0,1
2018,ARGENTINA,AMENAZAS,2,0,2
2018,ARGENTINA,CONTRABANDO,6,1,7
2018,ARGENTINA,DELITOS SEXUALES,7,0,7
2018,ARGENTINA,DESACATO A LA AUTORIDAD,2,0,2
2018,ARGENTINA,DESCONOCIDO,81,6,87
2018,ARGENTINA,EXTORSIÓN,1,0,1
2018,ARGENTINA,FALSEDAD EN DOCUMENTO,5,0,5
2018,ARGENTINA,FRAUDE / ESTAFA,1,1,2
2018,ARGENTINA,HOMICIDIO / TENTATIVA DE,21,3,24
2018,ARGENTINA,LAVADO DE ACTIVOS,1,0,1
2018,ARGENTINA,LESIONES PERSONALES,0,1,1
2018,ARGENTINA,NARCOTRÁFICO,82,16,98
2018,ARGENTINA,NO REPORTA – CONFIDENCIALIDAD ESTATAL,4,0,4
2018,ARGENTINA,OTROS,10,0,10
2018,ARGENTINA,PORTE ILEGAL DE ARMAS,7,0,7
2018,ARGENTINA,ROBO / HURTO,148,11,159
2018,ARGENTINA,SECUESTRO,1,0,1
2018,ARGENTINA,VIOLENCIA INTRAFAMILIAR,1,0,1
2018,ARGENTINA,AMENAZAS,1,0,1
2018,ARGENTINA,CONTRABANDO,6,1,7
2018,ARGENTINA,DELITOS SEXUALES,7,0,7
2018,ARGENTINA,DESACATO A LA AUTORIDAD,2,0,2
2018,ARGENTINA,DESCONOCIDO,81,6,87
2018,ARGENTINA,EXTORSIÓN,1,0,1
2018,ARGENTINA,FALSEDAD EN DOCUMENTO,4,0,4
2018,ARGENTINA,FRAUDE / ESTAFA,1,1,2
2018,ARGENTINA,HOMICIDIO / TENTATIVA DE,21,3,24
2018,ARGENTINA,LAVADO DE ACTIVOS,1,0,1
2018,ARGENTINA,LESIONES PERSONALES,0,1,1
2018,ARGENTINA,NARCOTRÁFICO,79,17,96
2018,ARGENTINA,NO REPORTA – CONFIDENCIALIDAD ESTATAL,4,0,4
2018,ARGENTINA,OTROS,11,1,12
2018,ARGENTINA,PORTE ILEGAL DE ARMAS,8,0,8
2018,ARGENTINA,ROBO / HURTO,150,12,162
2018,ARGENTINA,SECUESTRO,1,0,1
2018,ARGENTINA,VIOLENCIA INTRAFAMILIAR,1,0,1
2018,ARUBA,DELITOS SEXUALES,2,0,2
2018,ARUBA,DESCONOCIDO,9,0,9
2018,ARUBA,HOMICIDIO / TENTATIVA DE,5,0,5
2018,ARUBA,NARCOTRÁFICO,6,0,6
2018,ARUBA,ROBO / HURTO,3,0,3
2018,ARUBA,VIOLENCIA INTRAFAMILIAR,1,0,1
2018,ARUBA,DELITOS SEXUALES,1,0,1
2018,ARUBA,DESCONOCIDO,9,0,9
2018,ARUBA,HOMICIDIO / TENTATIVA DE,5,0,5
2018,ARUBA,NARCOTRÁFICO,4,0,4
2018,ARUBA,ROBO / HURTO,5,0,5
2018,ARUBA,VIOLENCIA INTRAFAMILIAR,1,0,1
2018,ARUBA,DELITOS SEXUALES,1,0,1
2018,ARUBA,DESCONOCIDO,9,0,9
2018,ARUBA,HOMICIDIO / TENTATIVA DE,5,0,5
2018,ARUBA,NARCOTRÁFICO,6,0,6
2018,ARUBA,ROBO / HURTO,5,0,5
2018,ARUBA,VIOLENCIA INTRAFAMILIAR,1,0,1
2018,ARUBA,DAÑOS,1,0,1
2018,ARUBA,DELITOS SEXUALES,1,0,1
2018,ARUBA,DESCONOCIDO,9,0,9
2018,ARUBA,HOMICIDIO / TENTATIVA DE,6,0,6
2018,ARUBA,NARCOTRÁFICO,6,0,6
2018,ARUBA,ROBO / HURTO,5,0,5
2018,ARUBA,VIOLENCIA INTRAFAMILIAR,1,0,1
2018,AUSTRALIA,DELITOS SEXUALES,1,0,1
2018,AUSTRALIA,DESACATO A LA AUTORIDAD,1,0,1
2018,AUSTRALIA,DESCONOCIDO,4,0,4
2018,AUSTRALIA,NARCOTRÁFICO,33,1,34
2018,AUSTRALIA,ROBO / HURTO,2,3,5
2018,AUSTRALIA,DELITOS SEXUALES,1,0,1
2018,AUSTRALIA,DESACATO A LA AUTORIDAD,1,0,1
2018,AUSTRALIA,DESCONOCIDO,4,0,4
2018,AUSTRALIA,NARCOTRÁFICO,33,1,34
2018,AUSTRALIA,ROBO / HURTO,2,3,5
2018,AUSTRALIA,DELITOS SEXUALES,1,0,1
2018,AUSTRALIA,DESACATO A LA AUTORIDAD,1,0,1
2018,AUSTRALIA,DESCONOCIDO,4,0,4
2018,AUSTRALIA,NARCOTRÁFICO,33,1,34
2018,AUSTRALIA,ROBO / HURTO,2,3,5
2018,AUSTRALIA,DELITOS SEXUALES,1,0,1
2018,AUSTRALIA,DESACATO A LA AUTORIDAD,1,0,1
2018,AUSTRALIA,DESCONOCIDO,4,0,4
2018,AUSTRALIA,NARCOTRÁFICO,33,1,34
2018,AUSTRALIA,ROBO / HURTO,2,3,5
2018,AUSTRIA,HOMICIDIO / TENTATIVA DE,1,0,1
2018,AUSTRIA,NARCOTRÁFICO,0,2,2
2018,AUSTRIA,OTROS,0,1,1
2018,AUSTRIA,ROBO / HURTO,6,2,8
2018,AUSTRIA,HOMICIDIO / TENTATIVA DE,1,0,1
2018,AUSTRIA,NARCOTRÁFICO,0,2,2
2018,AUSTRIA,OTROS,0,1,1
2018,AUSTRIA,ROBO / HURTO,6,2,8
2018,AUSTRIA,DESCONOCIDO,1,0,1
2018,AUSTRIA,HOMICIDIO / TENTATIVA DE,1,0,1
2018,AUSTRIA,NARCOTRÁFICO,0,2,2
2018,AUSTRIA,OTROS,0,1,1
2018,AUSTRIA,ROBO / HURTO,6,2,8
2018,AUSTRIA,DESCONOCIDO,1,0,1
2018,AUSTRIA,HOMICIDIO / TENTATIVA DE,1,0,1
2018,AUSTRIA,NARCOTRÁFICO,0,2,2
2018,AUSTRIA,OTROS,0,1,1
2018,AUSTRIA,ROBO / HURTO,6,2,8
2018,BAHAMAS,DELITO MIGRATORIO,0,1,1
2018,BAHAMAS,DELITO MIGRATORIO,0,1,1
2018,BELGICA,DESCONOCIDO,4,0,4
2018,BELGICA,FALSEDAD EN DOCUMENTO,1,0,1
2018,BELGICA,LAVADO DE ACTIVOS,1,0,1
2018,BELGICA,NARCOTRÁFICO,2,1,3
2018,BELGICA,NO REPORTA – CONFIDENCIALIDAD ESTATAL,2,1,3
2018,BELGICA,OTROS,1,0,1
2018,BELGICA,ROBO / HURTO,3,0,3
2018,BELGICA,DESCONOCIDO,4,0,4
2018,BELGICA,FALSEDAD EN DOCUMENTO,1,0,1
2018,BELGICA,LAVADO DE ACTIVOS,1,0,1
2018,BELGICA,NARCOTRÁFICO,2,1,3
2018,BELGICA,NO REPORTA – CONFIDENCIALIDAD ESTATAL,2,1,3
2018,BELGICA,OTROS,1,0,1
2018,BELGICA,ROBO / HURTO,3,0,3
2018,BELGICA,DELITO MIGRATORIO,0,1,1
2018,BELGICA,DESCONOCIDO,4,0,4
2018,BELGICA,FALSEDAD EN DOCUMENTO,1,0,1
2018,BELGICA,LAVADO DE ACTIVOS,1,0,1
2018,BELGICA,NARCOTRÁFICO,2,1,3
2018,BELGICA,NO REPORTA – CONFIDENCIALIDAD ESTATAL,2,1,3
2018,BELGICA,OTROS,1,0,1
2018,BELGICA,ROBO / HURTO,3,0,3
2018,BELGICA,DELITO MIGRATORIO,0,1,1
2018,BELGICA,DESCONOCIDO,4,0,4
2018,BELGICA,FALSEDAD EN DOCUMENTO,1,0,1
2018,BELGICA,LAVADO DE ACTIVOS,1,0,1
2018,BELGICA,NARCOTRÁFICO,2,1,3
2018,BELGICA,NO REPORTA – CONFIDENCIALIDAD ESTATAL,2,1,3
2018,BELGICA,OTROS,1,0,1
2018,BELGICA,ROBO / HURTO,4,0,4
2018,BOLIVIA,CRIMEN ORGANIZADO,4,0,4
2018,BOLIVIA,DELITOS SEXUALES,7,0,7
2018,BOLIVIA,FRAUDE / ESTAFA,8,2,10
2018,BOLIVIA,HOMICIDIO / TENTATIVA DE,21,0,21
2018,BOLIVIA,LESIONES PERSONALES,4,0,4
2018,BOLIVIA,NARCOTRÁFICO,77,8,85
2018,BOLIVIA,OTROS,0,1,1
2018,BOLIVIA,PORTE ILEGAL DE ARMAS,1,0,1
2018,BOLIVIA,ROBO / HURTO,64,5,69
2018,BOLIVIA,SECUESTRO,7,0,7
2018,BOLIVIA,TRATA DE PERSONAS,1,0,1
2018,BOLIVIA,CRIMEN ORGANIZADO,4,0,4
2018,BOLIVIA,DELITOS SEXUALES,7,0,7
2018,BOLIVIA,FRAUDE / ESTAFA,8,2,10
2018,BOLIVIA,HOMICIDIO / TENTATIVA DE,21,0,21
2018,BOLIVIA,LESIONES PERSONALES,4,0,4
2018,BOLIVIA,NARCOTRÁFICO,77,8,85
2018,BOLIVIA,OTROS,0,1,1
2018,BOLIVIA,PORTE ILEGAL DE ARMAS,1,0,1
2018,BOLIVIA,ROBO / HURTO,64,5,69
2018,BOLIVIA,SECUESTRO,7,0,7
2018,BOLIVIA,TRATA DE PERSONAS,1,0,1
2018,BOLIVIA,CRIMEN ORGANIZADO,4,0,4
2018,BOLIVIA,DELITOS SEXUALES,7,0,7
2018,BOLIVIA,FRAUDE / ESTAFA,8,2,10
2018,BOLIVIA,HOMICIDIO / TENTATIVA DE,21,0,21
2018,BOLIVIA,LESIONES PERSONALES,4,0,4
2018,BOLIVIA,NARCOTRÁFICO,77,8,85
2018,BOLIVIA,OTROS,0,1,1
2018,BOLIVIA,PORTE ILEGAL DE ARMAS,1,0,1
2018,BOLIVIA,ROBO / HURTO,64,5,69
2018,BOLIVIA,SECUESTRO,7,0,7
2018,BOLIVIA,TRATA DE PERSONAS,1,0,1
2018,BOLIVIA,CRIMEN ORGANIZADO,4,0,4
2018,BOLIVIA,DELITOS SEXUALES,7,0,7
2018,BOLIVIA,FRAUDE / ESTAFA,8,2,10
2018,BOLIVIA,HOMICIDIO / TENTATIVA DE,21,0,21
2018,BOLIVIA,LESIONES PERSONALES,4,0,4
2018,BOLIVIA,NARCOTRÁFICO,77,8,85
2018,BOLIVIA,OTROS,0,1,1
2018,BOLIVIA,PORTE ILEGAL DE ARMAS,1,0,1
2018,BOLIVIA,ROBO / HURTO,64,5,69
2018,BOLIVIA,SECUESTRO,7,0,7
2018,BOLIVIA,TRATA DE PERSONAS,1,0,1
2018,BONAIRE,HOMICIDIO / TENTATIVA DE,1,0,1
2018,BONAIRE,HOMICIDIO / TENTATIVA DE,1,0,1
2018,BONAIRE,HOMICIDIO / TENTATIVA DE,1,0,1
2018,BONAIRE,HOMICIDIO / TENTATIVA DE,1,0,1
2018,BRASIL,CRIMEN ORGANIZADO,3,0,3
2018,BRASIL,DELITOS SEXUALES,3,0,3
2018,BRASIL,DESCONOCIDO,8,5,13
2018,BRASIL,EXTORSIÓN,2,0,2
2018,BRASIL,FALSEDAD EN DOCUMENTO,3,0,3
2018,BRASIL,FRAUDE / ESTAFA,8,0,8
2018,BRASIL,HOMICIDIO / TENTATIVA DE,10,0,10
2018,BRASIL,LAVADO DE ACTIVOS,6,0,6
2018,BRASIL,NARCOTRÁFICO,94,10,104
2018,BRASIL,OTROS,10,0,10
2018,BRASIL,PORTE ILEGAL DE ARMAS,4,0,4
2018,BRASIL,ROBO / HURTO,63,35,98
2018,BRASIL,SECUESTRO,1,1,2
2018,BRASIL,VIOLENCIA INTRAFAMILIAR,1,0,1
2018,BRASIL,CRIMEN ORGANIZADO,3,0,3
2018,BRASIL,DELITOS SEXUALES,3,0,3
2018,BRASIL,DESCONOCIDO,7,2,9
2018,BRASIL,EXTORSIÓN,1,0,1
2018,BRASIL,FALSEDAD EN DOCUMENTO,3,0,3
2018,BRASIL,FRAUDE / ESTAFA,6,0,6
2018,BRASIL,HOMICIDIO / TENTATIVA DE,11,0,11
2018,BRASIL,LAVADO DE ACTIVOS,6,0,6
2018,BRASIL,NARCOTRÁFICO,82,9,91
2018,BRASIL,OTROS,10,0,10
2018,BRASIL,PORTE ILEGAL DE ARMAS,4,0,4
2018,BRASIL,ROBO / HURTO,71,7,78
2018,BRASIL,SECUESTRO,1,1,2
2018,BRASIL,CRIMEN ORGANIZADO,3,0,3
2018,BRASIL,DELITOS SEXUALES,2,0,2
2018,BRASIL,DESCONOCIDO,7,2,9
2018,BRASIL,EXTORSIÓN,1,0,1
2018,BRASIL,FALSEDAD EN DOCUMENTO,3,0,3
2018,BRASIL,FRAUDE / ESTAFA,7,0,7
2018,BRASIL,HOMICIDIO / TENTATIVA DE,12,0,12
2018,BRASIL,LAVADO DE ACTIVOS,4,0,4
2018,BRASIL,LESIONES PERSONALES,1,0,1
2018,BRASIL,NARCOTRÁFICO,78,9,87
2018,BRASIL,OTROS,10,0,10
2018,BRASIL,PORTE ILEGAL DE ARMAS,4,0,4
2018,BRASIL,ROBO / HURTO,66,7,73
2018,BRASIL,SECUESTRO,0,1,1
2018,BRASIL,CRIMEN ORGANIZADO,3,0,3
2018,BRASIL,DELITOS SEXUALES,2,0,2
2018,BRASIL,DESCONOCIDO,7,2,9
2018,BRASIL,EXTORSIÓN,1,0,1
2018,BRASIL,FALSEDAD EN DOCUMENTO,3,0,3
2018,BRASIL,FRAUDE / ESTAFA,7,0,7
2018,BRASIL,HOMICIDIO / TENTATIVA DE,12,0,12
2018,BRASIL,LAVADO DE ACTIVOS,4,0,4
2018,BRASIL,NARCOTRÁFICO,75,9,84
2018,BRASIL,OTROS,10,0,10
2018,BRASIL,PORTE ILEGAL DE ARMAS,4,0,4
2018,BRASIL,ROBO / HURTO,58,7,65
2018,BRASIL,SECUESTRO,0,1,1
2018,CAMBOYA,NARCOTRÁFICO,2,0,2
2018,CAMBOYA,OTROS,1,0,1
2018,CAMBOYA,ROBO / HURTO,3,0,3
2018,CAMBOYA,NARCOTRÁFICO,2,0,2
2018,CAMBOYA,OTROS,1,0,1
2018,CAMBOYA,ROBO / HURTO,3,0,3
2018,CAMBOYA,NARCOTRÁFICO,2,0,2
2018,CAMBOYA,OTROS,1,0,1
2018,CAMBOYA,ROBO / HURTO,3,0,3
2018,CAMBOYA,NARCOTRÁFICO,2,0,2
2018,CAMBOYA,OTROS,1,0,1
2018,CAMBOYA,ROBO / HURTO,3,0,3
2018,CANADA,DELITO MIGRATORIO,2,2,4
2018,CANADA,FALSEDAD EN DOCUMENTO,9,1,10
2018,CANADA,FRAUDE / ESTAFA,1,0,1
2018,CANADA,HOMICIDIO / TENTATIVA DE,1,0,1
2018,CANADA,NARCOTRÁFICO,4,0,4
2018,CANADA,ROBO / HURTO,4,0,4
2018,CANADA,VIOLENCIA INTRAFAMILIAR,1,0,1
2018,CANADA,DELITO MIGRATORIO,5,2,7
2018,CANADA,DESACATO A LA AUTORIDAD,1,0,1
2018,CANADA,FALSEDAD EN DOCUMENTO,6,0,6
2018,CANADA,FRAUDE / ESTAFA,1,0,1
2018,CANADA,HOMICIDIO / TENTATIVA DE,1,0,1
2018,CANADA,LESIONES PERSONALES,1,0,1
2018,CANADA,NARCOTRÁFICO,2,0,2
2018,CANADA,ROBO / HURTO,3,0,3
2018,CANADA,VIOLENCIA INTRAFAMILIAR,1,0,1
2018,CANADA,ALLANAMIENTO,1,1,2
2018,CANADA,DELITO MIGRATORIO,10,3,13
2018,CANADA,DESACATO A LA AUTORIDAD,1,0,1
2018,CANADA,DESCONOCIDO,1,0,1
2018,CANADA,FALSEDAD EN DOCUMENTO,9,2,11
2018,CANADA,HOMICIDIO / TENTATIVA DE,1,0,1
2018,CANADA,LESIONES PERSONALES,1,0,1
2018,CANADA,NARCOTRÁFICO,2,0,2
2018,CANADA,OTROS,3,0,3
2018,CANADA,ROBO / HURTO,6,2,8
2018,CANADA,VIOLENCIA INTRAFAMILIAR,1,0,1
2018,CANADA,ALLANAMIENTO,1,1,2
2018,CANADA,DELITO MIGRATORIO,17,3,20
2018,CANADA,DESACATO A LA AUTORIDAD,1,0,1
2018,CANADA,DESCONOCIDO,1,0,1
2018,CANADA,FALSEDAD EN DOCUMENTO,11,2,13
2018,CANADA,HOMICIDIO / TENTATIVA DE,1,0,1
2018,CANADA,LESIONES PERSONALES,1,0,1
2018,CANADA,NARCOTRÁFICO,2,0,2
2018,CANADA,OTROS,3,0,3
2018,CANADA,ROBO / HURTO,6,2,8
2018,CANADA,VIOLENCIA INTRAFAMILIAR,1,0,1
2018,Uniandes,ALLANAMIENTO,0,1,1
2018,Uniandes,AMENAZAS,17,0,17
2018,Uniandes,COACCIÓN,2,0,2
2018,Uniandes,CONDUCCIÓN TEMERARIA,9,0,9
2018,Uniandes,CONTRABANDO,1,0,1
2018,Uniandes,CRIMEN ORGANIZADO,1,1,2
2018,Uniandes,DAÑOS,8,0,8
2018,Uniandes,DELITO MIGRATORIO,3,0,3
2018,Uniandes,DELITOS SEXUALES,20,1,21
2018,Uniandes,DESACATO A LA AUTORIDAD,2,4,6
2018,Uniandes,DESCONOCIDO,11,1,12
2018,Uniandes,FALSEDAD EN DOCUMENTO,2,1,3
2018,Uniandes,FALSO TESTIMONIO,2,0,2
2018,Uniandes,FRAUDE / ESTAFA,38,8,46
2018,Uniandes,HOMICIDIO / TENTATIVA DE,53,4,57
2018,Uniandes,LESIONES PERSONALES,17,4,21
2018,Uniandes,NARCOTRÁFICO,641,166,807
2018,Uniandes,NO REPORTA – CONFIDENCIALIDAD ESTATAL,2,1,3
2018,Uniandes,OTROS,10,2,12
2018,Uniandes,PORTE ILEGAL DE ARMAS,44,3,47
2018,Uniandes,ROBO / HURTO,308,23,331
2018,Uniandes,SECUESTRO,6,1,7
2018,Uniandes,TRATA DE PERSONAS,3,1,4
2018,Uniandes,VIOLENCIA INTRAFAMILIAR,12,2,14
2018,Uniandes,ALLANAMIENTO,0,1,1
2018,Uniandes,AMENAZAS,17,0,17
2018,Uniandes,COACCIÓN,2,0,2
2018,Uniandes,CONDUCCIÓN TEMERARIA,8,0,8
2018,Uniandes,CONTRABANDO,1,0,1
2018,Uniandes,CRIMEN ORGANIZADO,1,1,2
2018,Uniandes,DAÑOS,7,0,7
2018,Uniandes,DELITO MIGRATORIO,3,0,3
2018,Uniandes,DELITOS SEXUALES,22,1,23
2018,Uniandes,DESACATO A LA AUTORIDAD,3,4,7
2018,Uniandes,DESCONOCIDO,11,1,12
2018,Uniandes,FALSEDAD EN DOCUMENTO,2,1,3
2018,Uniandes,FALSO TESTIMONIO,2,0,2
2018,Uniandes,FRAUDE / ESTAFA,38,9,47
2018,Uniandes,HOMICIDIO / TENTATIVA DE,57,4,61
2018,Uniandes,LAVADO DE ACTIVOS,1,0,1
2018,Uniandes,LESIONES PERSONALES,18,4,22
2018,Uniandes,NARCOTRÁFICO,660,167,827
2018,Uniandes,NO REPORTA – CONFIDENCIALIDAD ESTATAL,2,1,3
2018,Uniandes,OTROS,10,2,12
2018,Uniandes,PORTE ILEGAL DE ARMAS,47,3,50
2018,Uniandes,ROBO / HURTO,336,24,360
2018,Uniandes,SECUESTRO,4,1,5
2018,Uniandes,TRATA DE PERSONAS,3,1,4
2018,Uniandes,VIOLENCIA INTRAFAMILIAR,12,2,14
2018,Uniandes,AMENAZAS,17,0,17
2018,Uniandes,COACCIÓN,2,0,2
2018,Uniandes,CONDUCCIÓN TEMERARIA,8,0,8
2018,Uniandes,CONTRABANDO,1,0,1
2018,Uniandes,CRIMEN ORGANIZADO,1,1,2
2018,Uniandes,DAÑOS,8,0,8
2018,Uniandes,DELITO MIGRATORIO,3,0,3
2018,Uniandes,DELITOS SEXUALES,24,1,25
2018,Uniandes,DESACATO A LA AUTORIDAD,3,4,7
2018,Uniandes,DESCONOCIDO,11,1,12
2018,Uniandes,FALSEDAD EN DOCUMENTO,2,1,3
2018,Uniandes,FALSO TESTIMONIO,2,0,2
2018,Uniandes,FRAUDE / ESTAFA,37,9,46
2018,Uniandes,HOMICIDIO / TENTATIVA DE,59,4,63
2018,Uniandes,LAVADO DE ACTIVOS,6,1,7
2018,Uniandes,LESIONES PERSONALES,18,5,23
2018,Uniandes,NARCOTRÁFICO,692,180,872
2018,Uniandes,NO REPORTA – CONFIDENCIALIDAD ESTATAL,2,1,3
2018,Uniandes,OTROS,10,2,12
2018,Uniandes,PORTE ILEGAL DE ARMAS,51,4,55
2018,Uniandes,ROBO / HURTO,327,23,350
2018,Uniandes,SECUESTRO,4,1,5
2018,Uniandes,TRATA DE PERSONAS,3,1,4
2018,Uniandes,VIOLENCIA INTRAFAMILIAR,12,2,14
2018,Uniandes,AMENAZAS,18,0,18
2018,Uniandes,COACCIÓN,2,0,2
2018,Uniandes,CONDUCCIÓN TEMERARIA,9,0,9
2018,Uniandes,CONTRABANDO,1,0,1
2018,Uniandes,CRIMEN ORGANIZADO,1,1,2
2018,Uniandes,DAÑOS,8,0,8
2018,Uniandes,DELITO MIGRATORIO,3,0,3
2018,Uniandes,DELITOS SEXUALES,24,1,25
2018,Uniandes,DESACATO A LA AUTORIDAD,3,4,7
2018,Uniandes,DESCONOCIDO,11,1,12
2018,Uniandes,FALSEDAD EN DOCUMENTO,2,1,3
2018,Uniandes,FALSO TESTIMONIO,2,0,2
2018,Uniandes,FRAUDE / ESTAFA,36,9,45
2018,Uniandes,HOMICIDIO / TENTATIVA DE,59,4,63
2018,Uniandes,LAVADO DE ACTIVOS,6,1,7
2018,Uniandes,LESIONES PERSONALES,18,5,23
2018,Uniandes,NARCOTRÁFICO,702,182,884
2018,Uniandes,NO REPORTA – CONFIDENCIALIDAD ESTATAL,2,1,3
2018,Uniandes,OTROS,10,2,12
2018,Uniandes,PORTE ILEGAL DE ARMAS,53,5,58
2018,Uniandes,ROBO / HURTO,334,24,358
2018,Uniandes,SECUESTRO,4,1,5
2018,Uniandes,TRATA DE PERSONAS,3,1,4
2018,Uniandes,VIOLENCIA INTRAFAMILIAR,13,2,15
2018,CHINA,DELITO MIGRATORIO,1,0,1
2018,CHINA,DESCONOCIDO,5,1,6
2018,CHINA,FRAUDE / ESTAFA,1,1,2
2018,CHINA,LESIONES PERSONALES,1,0,1
2018,CHINA,NARCOTRÁFICO,53,9,62
2018,CHINA,OTROS,0,2,2
2018,CHINA,ROBO / HURTO,1,0,1
2018,CHINA,TRATA DE PERSONAS,11,7,18
2018,CHINA,DELITO MIGRATORIO,3,0,3
2018,CHINA,DESCONOCIDO,5,1,6
2018,CHINA,FRAUDE / ESTAFA,1,1,2
2018,CHINA,NARCOTRÁFICO,54,9,63
2018,CHINA,OTROS,0,3,3
2018,CHINA,ROBO / HURTO,2,0,2
2018,CHINA,TRATA DE PERSONAS,10,5,15
2018,CHINA,CONDUCCIÓN TEMERARIA,1,0,1
2018,CHINA,DELITO MIGRATORIO,3,1,4
2018,CHINA,DESCONOCIDO,5,1,6
2018,CHINA,FRAUDE / ESTAFA,0,1,1
2018,CHINA,NARCOTRÁFICO,54,9,63
2018,CHINA,OTROS,1,3,4
2018,CHINA,ROBO / HURTO,1,0,1
2018,CHINA,TRATA DE PERSONAS,10,4,14
2018,CHINA,CONDUCCIÓN TEMERARIA,1,0,1
2018,CHINA,DELITO MIGRATORIO,1,1,2
2018,CHINA,DESCONOCIDO,5,1,6
2018,CHINA,FRAUDE / ESTAFA,0,1,1
2018,CHINA,NARCOTRÁFICO,54,9,63
2018,CHINA,OTROS,1,3,4
2018,CHINA,ROBO / HURTO,1,0,1
2018,CHINA,TRATA DE PERSONAS,10,4,14
2018,REPUBLICA DE COREA,DELITO MIGRATORIO,1,0,1
2018,REPUBLICA DE COREA,ROBO / HURTO,4,0,4
2018,REPUBLICA DE COREA,DELITO MIGRATORIO,1,0,1
2018,REPUBLICA DE COREA,NARCOTRÁFICO,0,1,1
2018,REPUBLICA DE COREA,ROBO / HURTO,3,0,3
2018,REPUBLICA DE COREA,DELITO MIGRATORIO,1,0,1
2018,REPUBLICA DE COREA,NARCOTRÁFICO,0,1,1
2018,REPUBLICA DE COREA,ROBO / HURTO,1,0,1
2018,REPUBLICA DE COREA,DELITO MIGRATORIO,1,0,1
2018,REPUBLICA DE COREA,NARCOTRÁFICO,0,1,1
2018,REPUBLICA DE COREA,ROBO / HURTO,1,0,1
2018,COSTA RICA,CELEBRACIÓN INDEBIDA DE CONTRATOS,1,0,1
2018,COSTA RICA,CONTRABANDO,1,0,1
2018,COSTA RICA,CRIMEN ORGANIZADO,1,0,1
2018,COSTA RICA,DELITOS SEXUALES,4,0,4
2018,COSTA RICA,DESCONOCIDO,46,3,49
2018,COSTA RICA,EXTORSIÓN,1,0,1
2018,COSTA RICA,FRAUDE / ESTAFA,3,2,5
2018,COSTA RICA,HOMICIDIO / TENTATIVA DE,22,0,22
2018,COSTA RICA,LAVADO DE ACTIVOS,2,0,2
2018,COSTA RICA,LESIONES PERSONALES,1,0,1
2018,COSTA RICA,NARCOTRÁFICO,159,6,165
2018,COSTA RICA,OTROS,8,1,9
2018,COSTA RICA,PORTE ILEGAL DE ARMAS,5,0,5
2018,COSTA RICA,ROBO / HURTO,29,4,33
2018,COSTA RICA,SECUESTRO,6,0,6
2018,COSTA RICA,CELEBRACIÓN INDEBIDA DE CONTRATOS,1,0,1
2018,COSTA RICA,CONTRABANDO,1,0,1
2018,COSTA RICA,CRIMEN ORGANIZADO,1,0,1
2018,COSTA RICA,DELITOS SEXUALES,4,0,4
2018,COSTA RICA,DESCONOCIDO,46,3,49
2018,COSTA RICA,EXTORSIÓN,1,0,1
2018,COSTA RICA,FRAUDE / ESTAFA,3,2,5
2019,COSTA RICA,HOMICIDIO / TENTATIVA DE,22,0,22
2019,COSTA RICA,LAVADO DE ACTIVOS,2,0,2
2019,COSTA RICA,LESIONES PERSONALES,1,0,1
2019,COSTA RICA,NARCOTRÁFICO,162,6,168
2019,COSTA RICA,OTROS,8,1,9
2019,COSTA RICA,PORTE ILEGAL DE ARMAS,5,0,5
2019,COSTA RICA,ROBO / HURTO,29,4,33
2019,COSTA RICA,SECUESTRO,7,0,7
2019,COSTA RICA,CELEBRACIÓN INDEBIDA DE CONTRATOS,1,0,1
2019,COSTA RICA,CONTRABANDO,1,0,1
2019,COSTA RICA,CRIMEN ORGANIZADO,1,0,1
2019,COSTA RICA,DELITOS SEXUALES,4,0,4
2019,COSTA RICA,DESCONOCIDO,46,3,49
2019,COSTA RICA,EXTORSIÓN,1,0,1
2019,COSTA RICA,FRAUDE / ESTAFA,3,2,5
2019,COSTA RICA,HOMICIDIO / TENTATIVA DE,22,0,22
2019,COSTA RICA,LAVADO DE ACTIVOS,2,0,2
2019,COSTA RICA,LESIONES PERSONALES,1,0,1
2019,COSTA RICA,NARCOTRÁFICO,162,6,168
2019,COSTA RICA,OTROS,8,1,9
2019,COSTA RICA,PORTE ILEGAL DE ARMAS,5,0,5
2019,COSTA RICA,ROBO / HURTO,29,4,33
2019,COSTA RICA,SECUESTRO,7,0,7
2019,COSTA RICA,CELEBRACIÓN INDEBIDA DE CONTRATOS,1,0,1
2019,COSTA RICA,CONTRABANDO,1,0,1
2019,COSTA RICA,CRIMEN ORGANIZADO,1,0,1
2019,COSTA RICA,DELITOS SEXUALES,4,0,4
2019,COSTA RICA,DESCONOCIDO,46,3,49
2019,COSTA RICA,EXTORSIÓN,1,0,1
2019,COSTA RICA,FRAUDE / ESTAFA,3,2,5
2019,COSTA RICA,HOMICIDIO / TENTATIVA DE,22,0,22
2019,COSTA RICA,LAVADO DE ACTIVOS,2,0,2
2019,COSTA RICA,LESIONES PERSONALES,1,0,1
2019,COSTA RICA,NARCOTRÁFICO,162,6,168
2019,COSTA RICA,OTROS,8,1,9
2019,COSTA RICA,PORTE ILEGAL DE ARMAS,5,0,5
2019,COSTA RICA,ROBO / HURTO,29,4,33
2019,COSTA RICA,SECUESTRO,7,0,7
2019,CROACIA,FALSEDAD EN DOCUMENTO,1,0,1
2019,CROACIA,FALSEDAD EN DOCUMENTO,1,0,1
2019,CROACIA,FALSEDAD EN DOCUMENTO,1,0,1
2019,CROACIA,FALSEDAD EN DOCUMENTO,1,0,1
2019,CUBA,DESCONOCIDO,1,0,1
2019,CUBA,FALSEDAD EN DOCUMENTO,1,0,1
2019,CUBA,FALSIFICACIÓN,1,0,1
2019,CUBA,FRAUDE / ESTAFA,1,1,2
2019,CUBA,NARCOTRÁFICO,14,11,25
2019,CUBA,DESCONOCIDO,1,0,1
2019,CUBA,FALSEDAD EN DOCUMENTO,1,0,1
2019,CUBA,FALSIFICACIÓN,1,0,1
2019,CUBA,FRAUDE / ESTAFA,1,1,2
2019,CUBA,NARCOTRÁFICO,15,11,26
2019,CUBA,DESCONOCIDO,1,0,1
2019,CUBA,FALSEDAD EN DOCUMENTO,1,0,1
2019,CUBA,FALSIFICACIÓN,1,0,1
2019,CUBA,FRAUDE / ESTAFA,1,1,2
2019,CUBA,NARCOTRÁFICO,15,11,26
2019,CUBA,DESCONOCIDO,1,0,1
2019,CUBA,FALSEDAD EN DOCUMENTO,1,0,1
2019,CUBA,FALSIFICACIÓN,1,0,1
2019,CUBA,FRAUDE / ESTAFA,1,1,2
2019,CUBA,NARCOTRÁFICO,15,11,26
2019,CURAÇAO,CONDUCCIÓN TEMERARIA,1,0,1
2019,CURAÇAO,DELITOS SEXUALES,1,0,1
2019,CURAÇAO,DESCONOCIDO,6,0,6
2019,CURAÇAO,HOMICIDIO / TENTATIVA DE,7,0,7
2019,CURAÇAO,NARCOTRÁFICO,4,0,4
2019,CURAÇAO,OTROS,3,0,3
2019,CURAÇAO,PORTE ILEGAL DE ARMAS,4,0,4
2019,CURAÇAO,ROBO / HURTO,5,0,5
2019,CURAÇAO,CONDUCCIÓN TEMERARIA,1,0,1
2019,CURAÇAO,DELITOS SEXUALES,1,0,1
2019,CURAÇAO,DESCONOCIDO,6,0,6
2019,CURAÇAO,HOMICIDIO / TENTATIVA DE,7,0,7
2019,CURAÇAO,NARCOTRÁFICO,4,0,4
2019,CURAÇAO,OTROS,3,0,3
2019,CURAÇAO,PORTE ILEGAL DE ARMAS,4,0,4
2019,CURAÇAO,ROBO / HURTO,5,0,5
2019,CURAÇAO,CONDUCCIÓN TEMERARIA,1,0,1
2019,CURAÇAO,DELITOS SEXUALES,1,0,1
2019,CURAÇAO,DESCONOCIDO,6,0,6
2019,CURAÇAO,HOMICIDIO / TENTATIVA DE,7,0,7
2019,CURAÇAO,LAVADO DE ACTIVOS,2,1,3
2019,CURAÇAO,NARCOTRÁFICO,4,0,4
2019,CURAÇAO,OTROS,3,0,3
2019,CURAÇAO,PORTE ILEGAL DE ARMAS,4,0,4
2019,CURAÇAO,ROBO / HURTO,8,0,8
2019,CURAÇAO,CONDUCCIÓN TEMERARIA,1,0,1
2019,CURAÇAO,DELITOS SEXUALES,1,0,1
2019,CURAÇAO,DESCONOCIDO,6,0,6
2019,CURAÇAO,HOMICIDIO / TENTATIVA DE,7,0,7
2019,CURAÇAO,LAVADO DE ACTIVOS,2,1,3
2019,CURAÇAO,NARCOTRÁFICO,4,0,4
2019,CURAÇAO,OTROS,3,0,3
2019,CURAÇAO,PORTE ILEGAL DE ARMAS,4,0,4
2019,CURAÇAO,ROBO / HURTO,8,0,8
2019,DESCONOCIDO,ALLANAMIENTO,2,0,2
2019,DESCONOCIDO,AMENAZAS,6,0,6
2019,DESCONOCIDO,CONDUCCIÓN TEMERARIA,6,1,7
2019,DESCONOCIDO,CONTRABANDO,32,2,34
2019,DESCONOCIDO,CRIMEN ORGANIZADO,30,5,35
2019,DESCONOCIDO,DAÑOS,5,0,5
2019,DESCONOCIDO,DELITO MIGRATORIO,36,11,47
2019,DESCONOCIDO,DELITOS POLÍTICOS,2,0,2
2019,DESCONOCIDO,DELITOS SEXUALES,25,3,28
2019,DESCONOCIDO,DESACATO A LA AUTORIDAD,9,0,9
2019,DESCONOCIDO,DESCONOCIDO,235,43,278
2019,DESCONOCIDO,EXTORSIÓN,4,2,6
2019,DESCONOCIDO,FALSEDAD EN DOCUMENTO,12,0,12
2019,DESCONOCIDO,FALSIFICACIÓN,4,2,6
2019,DESCONOCIDO,FRAUDE / ESTAFA,16,5,21
2019,DESCONOCIDO,HOMICIDIO / TENTATIVA DE,55,8,63
2019,DESCONOCIDO,LAVADO DE ACTIVOS,29,3,32
2019,DESCONOCIDO,LESIONES PERSONALES,13,3,16
2019,DESCONOCIDO,NARCOTRÁFICO,907,132,1039
2019,DESCONOCIDO,NO REPORTA – CONFIDENCIALIDAD ESTATAL,33,4,37
2019,DESCONOCIDO,OTROS,120,24,144
2019,DESCONOCIDO,PORTE ILEGAL DE ARMAS,29,5,34
2019,DESCONOCIDO,ROBO / HURTO,219,51,270
2019,DESCONOCIDO,SECUESTRO,10,4,14
2019,DESCONOCIDO,TERRORISMO,4,0,4
2019,DESCONOCIDO,TRATA DE PERSONAS,6,3,9
2019,DESCONOCIDO,VIOLENCIA INTRAFAMILIAR,11,1,12
2019,DESCONOCIDO,ALLANAMIENTO,2,0,2
2019,DESCONOCIDO,AMENAZAS,6,0,6
2019,DESCONOCIDO,CONDUCCIÓN TEMERARIA,6,1,7
2019,DESCONOCIDO,CONTRABANDO,36,2,38
2019,DESCONOCIDO,CRIMEN ORGANIZADO,30,5,35
2019,DESCONOCIDO,DAÑOS,4,0,4
2019,DESCONOCIDO,DELITO MIGRATORIO,69,35,104
2019,DESCONOCIDO,DELITOS POLÍTICOS,2,0,2
2019,DESCONOCIDO,DELITOS SEXUALES,34,4,38
2019,DESCONOCIDO,DESACATO A LA AUTORIDAD,10,0,10
2019,DESCONOCIDO,DESCONOCIDO,258,46,304
2019,DESCONOCIDO,EXTORSIÓN,3,2,5
2019,DESCONOCIDO,FALSEDAD EN DOCUMENTO,15,1,16
2019,DESCONOCIDO,FALSIFICACIÓN,6,4,10
2019,DESCONOCIDO,FRAUDE / ESTAFA,16,5,21
2019,DESCONOCIDO,HOMICIDIO / TENTATIVA DE,65,8,73
2019,DESCONOCIDO,LAVADO DE ACTIVOS,37,4,41
2019,DESCONOCIDO,LESIONES PERSONALES,17,5,22
2019,DESCONOCIDO,NARCOTRÁFICO,1054,159,1213
2019,DESCONOCIDO,NO REPORTA – CONFIDENCIALIDAD ESTATAL,42,10,52
2019,DESCONOCIDO,OTROS,168,32,200
2019,DESCONOCIDO,PORTE ILEGAL DE ARMAS,36,5,41
2019,DESCONOCIDO,ROBO / HURTO,287,61,348
2019,DESCONOCIDO,SECUESTRO,12,4,16
2019,DESCONOCIDO,TERRORISMO,4,0,4
2019,DESCONOCIDO,TRATA DE PERSONAS,6,3,9
2019,DESCONOCIDO,VIOLENCIA DE GENERO,4,0,4
2019,DESCONOCIDO,VIOLENCIA INTRAFAMILIAR,15,1,16
2019,DESCONOCIDO,ALLANAMIENTO,2,0,2
2019,DESCONOCIDO,AMENAZAS,9,0,9
2019,DESCONOCIDO,CONDUCCIÓN TEMERARIA,12,3,15
2019,DESCONOCIDO,CONTRABANDO,38,2,40
2019,DESCONOCIDO,CRIMEN ORGANIZADO,32,5,37
2019,DESCONOCIDO,DAÑOS,8,1,9
2019,DESCONOCIDO,DELITO MIGRATORIO,70,37,107
2019,DESCONOCIDO,DELITOS POLÍTICOS,2,0,2
2019,DESCONOCIDO,DELITOS SEXUALES,48,7,55
2019,DESCONOCIDO,DESACATO A LA AUTORIDAD,13,1,14
2019,DESCONOCIDO,DESCONOCIDO,269,47,316
2019,DESCONOCIDO,EXTORSIÓN,5,2,7
2019,DESCONOCIDO,FALSEDAD EN DOCUMENTO,16,3,19
2019,DESCONOCIDO,FALSIFICACIÓN,12,4,16
2019,DESCONOCIDO,FRAUDE / ESTAFA,24,8,32
2019,DESCONOCIDO,HOMICIDIO / TENTATIVA DE,81,9,90
2019,DESCONOCIDO,LAVADO DE ACTIVOS,43,9,52
2019,DESCONOCIDO,LESIONES PERSONALES,19,5,24
2019,DESCONOCIDO,NARCOTRÁFICO,1250,189,1439
2019,DESCONOCIDO,NO REPORTA – CONFIDENCIALIDAD ESTATAL,47,10,57
2019,DESCONOCIDO,OTROS,262,64,326
2019,DESCONOCIDO,PORTE ILEGAL DE ARMAS,48,6,54
2019,DESCONOCIDO,ROBO / HURTO,416,93,509
2019,DESCONOCIDO,SECUESTRO,12,4,16
2019,DESCONOCIDO,TERRORISMO,5,0,5
2019,DESCONOCIDO,TRATA DE PERSONAS,6,3,9
2019,DESCONOCIDO,VIOLENCIA DE GENERO,4,0,4
2019,DESCONOCIDO,VIOLENCIA INTRAFAMILIAR,22,3,25
2019,DESCONOCIDO,ALLANAMIENTO,2,0,2
2019,DESCONOCIDO,AMENAZAS,9,0,9
2019,DESCONOCIDO,CONDUCCIÓN TEMERARIA,21,4,25
2019,DESCONOCIDO,CONTRABANDO,38,2,40
2019,DESCONOCIDO,CRIMEN ORGANIZADO,32,5,37
2019,DESCONOCIDO,DAÑOS,8,1,9
2019,DESCONOCIDO,DELITO MIGRATORIO,72,39,111
2019,DESCONOCIDO,DELITOS POLÍTICOS,2,0,2
2019,DESCONOCIDO,DELITOS SEXUALES,54,7,61
2019,DESCONOCIDO,DESACATO A LA AUTORIDAD,14,2,16
2019,DESCONOCIDO,DESCONOCIDO,276,49,325
2019,DESCONOCIDO,EXTORSIÓN,4,2,6
2019,DESCONOCIDO,FALSEDAD EN DOCUMENTO,16,3,19
2019,DESCONOCIDO,FALSIFICACIÓN,12,4,16
2019,DESCONOCIDO,FRAUDE / ESTAFA,26,8,34
2019,DESCONOCIDO,HOMICIDIO / TENTATIVA DE,81,9,90
2019,DESCONOCIDO,LAVADO DE ACTIVOS,48,10,58
2019,DESCONOCIDO,LESIONES PERSONALES,21,6,27
2019,DESCONOCIDO,NARCOTRÁFICO,1312,195,1507
2019,DESCONOCIDO,NO REPORTA – CONFIDENCIALIDAD ESTATAL,49,10,59
2019,DESCONOCIDO,OTROS,286,71,357
2019,DESCONOCIDO,PORTE ILEGAL DE ARMAS,49,5,54
2019,DESCONOCIDO,ROBO / HURTO,454,104,558
2019,DESCONOCIDO,SECUESTRO,13,4,17
2019,DESCONOCIDO,TERRORISMO,5,0,5
2019,DESCONOCIDO,TRATA DE PERSONAS,6,3,9
2019,DESCONOCIDO,VIOLENCIA DE GENERO,7,0,7
2019,DESCONOCIDO,VIOLENCIA INTRAFAMILIAR,24,3,27
2019,DINAMARCA,NARCOTRÁFICO,1,0,1
2019,DINAMARCA,VIOLENCIA INTRAFAMILIAR,0,1,1
2019,DINAMARCA,NARCOTRÁFICO,1,0,1
2019,DINAMARCA,VIOLENCIA INTRAFAMILIAR,0,1,1
2019,DINAMARCA,NARCOTRÁFICO,1,0,1
2019,DINAMARCA,VIOLENCIA INTRAFAMILIAR,0,1,1
2019,DINAMARCA,VIOLENCIA INTRAFAMILIAR,0,1,1
2019,Visualización,ALLANAMIENTO,2,0,2
2019,Visualización,AMENAZAS,7,3,10
2019,Visualización,COACCIÓN,8,1,9
2019,Visualización,CONDUCCIÓN TEMERARIA,14,0,14
2019,Visualización,CONTRABANDO,70,7,77
2019,Visualización,CRIMEN ORGANIZADO,65,13,78
2019,Visualización,DAÑOS,13,2,15
2019,Visualización,DELITO MIGRATORIO,3,1,4
2019,Visualización,DELITOS SEXUALES,106,1,107
2019,Visualización,DESACATO A LA AUTORIDAD,33,1,34
2019,Visualización,DESCONOCIDO,37,5,42
2019,Visualización,EXTORSIÓN,25,2,27
2019,Visualización,FALSEDAD EN DOCUMENTO,3,4,7
2019,Visualización,FALSIFICACIÓN,3,0,3
2019,Visualización,FALSO TESTIMONIO,0,1,1
2019,Visualización,FRAUDE / ESTAFA,33,10,43
2019,Visualización,HOMICIDIO / TENTATIVA DE,193,20,213
2019,Visualización,LAVADO DE ACTIVOS,3,0,3
2019,Visualización,LESIONES PERSONALES,20,3,23
2019,Visualización,NARCOTRÁFICO,1314,390,1704
2019,Visualización,NO REPORTA – CONFIDENCIALIDAD ESTATAL,1,0,1
2019,Visualización,OTROS,59,12,71
2019,Visualización,PORTE ILEGAL DE ARMAS,79,4,83
2019,Visualización,ROBO / HURTO,539,98,637
2019,Visualización,SECUESTRO,59,11,70
2019,Visualización,TERRORISMO,8,2,10
2019,Visualización,TRATA DE PERSONAS,8,4,12
2019,Visualización,VIOLENCIA DE GENERO,1,0,1
2019,Visualización,VIOLENCIA INTRAFAMILIAR,23,0,23
2019,Visualización,ALLANAMIENTO,2,0,2
2019,Visualización,AMENAZAS,8,3,11
2019,Visualización,COACCIÓN,7,1,8
2019,Visualización,CONDUCCIÓN TEMERARIA,2,0,2
2019,Visualización,CONTRABANDO,74,7,81
2019,Visualización,CRIMEN ORGANIZADO,65,13,78
2019,Visualización,DAÑOS,13,2,15
2019,Visualización,DELITO MIGRATORIO,3,1,4
2019,Visualización,DELITOS SEXUALES,108,1,109
2019,Visualización,DESACATO A LA AUTORIDAD,38,1,39
2019,Visualización,DESCONOCIDO,37,6,43
2019,Visualización,EXTORSIÓN,26,2,28
2019,Visualización,FALSEDAD EN DOCUMENTO,5,4,9
2019,Visualización,FALSIFICACIÓN,3,0,3
2019,Visualización,FRAUDE / ESTAFA,37,10,47
2019,Visualización,HOMICIDIO / TENTATIVA DE,200,23,223
2019,Visualización,LAVADO DE ACTIVOS,4,0,4
2019,Visualización,LESIONES PERSONALES,25,5,30
2019,Visualización,NARCOTRÁFICO,1403,404,1807
2019,Visualización,NO REPORTA – CONFIDENCIALIDAD ESTATAL,1,0,1
2019,Visualización,OTROS,67,13,80
2019,Visualización,PORTE ILEGAL DE ARMAS,91,9,100
2019,Visualización,ROBO / HURTO,592,115,707
2019,Visualización,SECUESTRO,61,11,72
2019,Visualización,TERRORISMO,8,2,10
2019,Visualización,TRATA DE PERSONAS,7,4,11
2019,Visualización,VIOLENCIA DE GENERO,1,0,1
2019,Visualización,VIOLENCIA INTRAFAMILIAR,32,2,34
2019,Visualización,ALLANAMIENTO,2,0,2
2019,Visualización,AMENAZAS,8,2,10
2019,Visualización,COACCIÓN,6,1,7
2019,Visualización,CONDUCCIÓN TEMERARIA,11,3,14
2019,Visualización,CONTRABANDO,76,7,83
2019,Visualización,CRIMEN ORGANIZADO,66,14,80
2019,Visualización,DAÑOS,9,1,10
2019,Visualización,DELITO MIGRATORIO,3,1,4
2019,Visualización,DELITOS SEXUALES,112,1,113
2019,Visualización,DESACATO A LA AUTORIDAD,39,2,41
2019,Visualización,DESCONOCIDO,37,6,43
2019,Visualización,EXTORSIÓN,25,1,26
2019,Visualización,FALSEDAD EN DOCUMENTO,5,4,9
2019,Visualización,FALSIFICACIÓN,8,0,8
2019,Visualización,FRAUDE / ESTAFA,38,8,46
2019,Visualización,HOMICIDIO / TENTATIVA DE,208,24,232
2019,Visualización,LAVADO DE ACTIVOS,4,0,4
2019,Visualización,LESIONES PERSONALES,27,4,31
2019,Visualización,NARCOTRÁFICO,1477,427,1904
2019,Visualización,NO REPORTA – CONFIDENCIALIDAD ESTATAL,1,0,1
2019,Visualización,OTROS,90,18,108
2019,Visualización,PORTE ILEGAL DE ARMAS,94,10,104
2019,Visualización,ROBO / HURTO,636,97,733
2019,Visualización,SECUESTRO,62,13,75
2019,Visualización,TERRORISMO,8,2,10
2019,Visualización,TRATA DE PERSONAS,6,4,10
2019,Visualización,VIOLENCIA DE GENERO,3,0,3
2019,Visualización,VIOLENCIA INTRAFAMILIAR,43,3,46
2019,Visualización,ALLANAMIENTO,5,0,5
2019,Visualización,AMENAZAS,11,2,13
2019,Visualización,COACCIÓN,6,1,7
2019,Visualización,CONDUCCIÓN TEMERARIA,12,3,15
2019,Visualización,CONTRABANDO,74,7,81
2019,Visualización,CRIMEN ORGANIZADO,69,14,83
2019,Visualización,DAÑOS,7,2,9
2019,Visualización,DELITO MIGRATORIO,3,1,4
2019,Visualización,DELITOS SEXUALES,112,2,114
2019,Visualización,DESACATO A LA AUTORIDAD,41,3,44
2019,Visualización,DESCONOCIDO,37,6,43
2019,Visualización,EXTORSIÓN,25,2,27
2019,Visualización,FALSEDAD EN DOCUMENTO,5,4,9
2019,Visualización,FALSIFICACIÓN,9,1,10
2019,Visualización,FRAUDE / ESTAFA,44,8,52
2019,Visualización,HOMICIDIO / TENTATIVA DE,209,24,233
2019,Visualización,LAVADO DE ACTIVOS,4,0,4
2019,Visualización,LESIONES PERSONALES,29,4,33
2019,Visualización,NARCOTRÁFICO,1489,425,1914
2019,Visualización,NO REPORTA – CONFIDENCIALIDAD ESTATAL,1,0,1
2019,Visualización,OTROS,90,19,109
2019,Visualización,PORTE ILEGAL DE ARMAS,99,11,110
2019,Visualización,ROBO / HURTO,643,103,746
2019,Visualización,SECUESTRO,61,13,74
2019,Visualización,TERRORISMO,8,2,10
2019,Visualización,TRATA DE PERSONAS,6,4,10
2019,Visualización,VIOLENCIA DE GENERO,3,0,3
2019,Visualización,VIOLENCIA INTRAFAMILIAR,45,3,48
2019,EGIPTO,DESCONOCIDO,12,2,14
2019,EGIPTO,ROBO / HURTO,14,1,15
2019,EGIPTO,DESCONOCIDO,12,2,14
2019,EGIPTO,ROBO / HURTO,15,1,16
2019,EGIPTO,DESCONOCIDO,12,2,14
2019,EGIPTO,ROBO / HURTO,15,1,16
2019,EGIPTO,DESCONOCIDO,12,2,14
2019,EGIPTO,ROBO / HURTO,15,1,16
2019,EL SALVADOR,CRIMEN ORGANIZADO,1,0,1
2019,EL SALVADOR,DESCONOCIDO,4,0,4
2019,EL SALVADOR,NARCOTRÁFICO,28,0,28
2019,EL SALVADOR,OTROS,1,0,1
2019,EL SALVADOR,ROBO / HURTO,2,0,2
2019,EL SALVADOR,CRIMEN ORGANIZADO,1,0,1
2019,EL SALVADOR,DESCONOCIDO,4,0,4
2019,EL SALVADOR,NARCOTRÁFICO,37,0,37
2019,EL SALVADOR,OTROS,1,0,1
2019,EL SALVADOR,ROBO / HURTO,3,0,3
2019,EL SALVADOR,CRIMEN ORGANIZADO,1,0,1
2019,EL SALVADOR,DESCONOCIDO,4,0,4
2019,EL SALVADOR,NARCOTRÁFICO,41,0,41
2019,EL SALVADOR,OTROS,1,0,1
2019,EL SALVADOR,ROBO / HURTO,3,0,3
2019,EL SALVADOR,CRIMEN ORGANIZADO,1,0,1
2019,EL SALVADOR,DESCONOCIDO,4,0,4
2019,EL SALVADOR,NARCOTRÁFICO,41,0,41
2019,EL SALVADOR,OTROS,1,0,1
2019,EL SALVADOR,ROBO / HURTO,3,0,3
2019,EMIRATOS ARABES UNIDOS,DELITOS SEXUALES,1,0,1
2019,EMIRATOS ARABES UNIDOS,LESIONES PERSONALES,1,0,1
2019,EMIRATOS ARABES UNIDOS,NARCOTRÁFICO,1,1,2
2019,EMIRATOS ARABES UNIDOS,OTROS,1,0,1
2019,EMIRATOS ARABES UNIDOS,ROBO / HURTO,5,0,5
2019,EMIRATOS ARABES UNIDOS,DELITOS SEXUALES,1,0,1
2019,EMIRATOS ARABES UNIDOS,LESIONES PERSONALES,1,0,1
2019,EMIRATOS ARABES UNIDOS,NARCOTRÁFICO,1,1,2
2019,EMIRATOS ARABES UNIDOS,OTROS,1,0,1
2019,EMIRATOS ARABES UNIDOS,ROBO / HURTO,5,0,5
2019,EMIRATOS ARABES UNIDOS,DELITOS SEXUALES,1,0,1
2019,EMIRATOS ARABES UNIDOS,LESIONES PERSONALES,1,0,1
2019,EMIRATOS ARABES UNIDOS,NARCOTRÁFICO,1,1,2
2019,EMIRATOS ARABES UNIDOS,OTROS,1,0,1
2019,EMIRATOS ARABES UNIDOS,ROBO / HURTO,5,0,5
2019,EMIRATOS ARABES UNIDOS,DELITOS SEXUALES,1,0,1
2019,EMIRATOS ARABES UNIDOS,LESIONES PERSONALES,1,0,1
2019,EMIRATOS ARABES UNIDOS,NARCOTRÁFICO,1,1,2
2019,EMIRATOS ARABES UNIDOS,OTROS,1,0,1
2019,EMIRATOS ARABES UNIDOS,ROBO / HURTO,5,0,5
2019,ESLOVENIA,CRIMEN ORGANIZADO,1,0,1
2019,ESLOVENIA,FALSEDAD EN DOCUMENTO,1,1,2
2019,ESLOVENIA,CRIMEN ORGANIZADO,1,0,1
2019,ESLOVENIA,FALSEDAD EN DOCUMENTO,1,1,2
2019,ESLOVENIA,CRIMEN ORGANIZADO,1,0,1
2019,ESLOVENIA,FALSEDAD EN DOCUMENTO,1,1,2
2019,ESLOVENIA,CRIMEN ORGANIZADO,1,0,1
2019,ESLOVENIA,FALSEDAD EN DOCUMENTO,1,1,2
2019,Gemad,ALLANAMIENTO,1,0,1
2019,Gemad,AMENAZAS,5,0,5
2019,Gemad,CELEBRACIÓN INDEBIDA DE CONTRATOS,2,0,2
2019,Gemad,COACCIÓN,5,0,5
2019,Gemad,CONDUCCIÓN TEMERARIA,32,1,33
2019,Gemad,CRIMEN ORGANIZADO,43,3,46
2019,Gemad,DAÑOS,7,0,7
2019,Gemad,DELITO MIGRATORIO,34,10,44
2019,Gemad,DELITOS SEXUALES,65,1,66
2019,Gemad,DESACATO A LA AUTORIDAD,36,6,42
2019,Gemad,DESCONOCIDO,632,104,736
2019,Gemad,EXTORSIÓN,2,0,2
2019,Gemad,FALSEDAD EN DOCUMENTO,14,1,15
2019,Gemad,FALSIFICACIÓN,3,0,3
2019,Gemad,FALSO TESTIMONIO,1,0,1
2019,Gemad,FRAUDE / ESTAFA,18,7,25
2019,Gemad,HOMICIDIO / TENTATIVA DE,165,14,179
2019,Gemad,LAVADO DE ACTIVOS,17,3,20
2019,Gemad,LESIONES PERSONALES,95,6,101
2019,Gemad,NARCOTRÁFICO,877,212,1089
2019,Gemad,NO REPORTA – CONFIDENCIALIDAD ESTATAL,464,90,554
2019,Gemad,OTROS,92,7,99
2019,Gemad,PORTE ILEGAL DE ARMAS,63,3,66
2019,Gemad,ROBO / HURTO,328,32,360
2019,Gemad,SECUESTRO,46,1,47
2019,Gemad,TRATA DE PERSONAS,1,2,3
2019,Gemad,VIOLENCIA DE GENERO,51,0,51
2019,Gemad,VIOLENCIA INTRAFAMILIAR,7,1,8
2019,Gemad,ALLANAMIENTO,1,0,1
2019,Gemad,AMENAZAS,5,0,5
2019,Gemad,CELEBRACIÓN INDEBIDA DE CONTRATOS,2,0,2
2019,Gemad,COACCIÓN,5,0,5
2019,Gemad,CONDUCCIÓN TEMERARIA,32,1,33
2019,Gemad,CRIMEN ORGANIZADO,44,2,46
2019,Gemad,DAÑOS,7,0,7
2019,Gemad,DELITO MIGRATORIO,40,10,50
2019,Gemad,DELITOS SEXUALES,65,1,66
2019,Gemad,DESACATO A LA AUTORIDAD,33,6,39
2019,Gemad,DESCONOCIDO,821,142,963
2019,Gemad,EXTORSIÓN,2,0,2
2019,Gemad,FALSEDAD EN DOCUMENTO,14,1,15
2019,Gemad,FALSIFICACIÓN,3,0,3
2019,Gemad,FALSO TESTIMONIO,1,0,1
2019,Gemad,FRAUDE / ESTAFA,18,6,24
2019,Gemad,HOMICIDIO / TENTATIVA DE,165,15,180
2019,Gemad,LAVADO DE ACTIVOS,16,3,19
2019,Gemad,LESIONES PERSONALES,91,7,98
2019,Gemad,NARCOTRÁFICO,866,213,1079
2019,Gemad,NO REPORTA – CONFIDENCIALIDAD ESTATAL,466,85,551
2019,Gemad,OTROS,91,7,98
2019,Gemad,PORTE ILEGAL DE ARMAS,62,3,65
2019,Gemad,ROBO / HURTO,322,31,353
2019,Gemad,SECUESTRO,45,1,46
2019,Gemad,TRATA DE PERSONAS,1,2,3
2019,Gemad,VIOLENCIA DE GENERO,49,0,49
2019,Gemad,VIOLENCIA INTRAFAMILIAR,6,1,7
2019,Gemad,ALLANAMIENTO,1,0,1
2019,Gemad,AMENAZAS,5,0,5
2019,Gemad,CELEBRACIÓN INDEBIDA DE CONTRATOS,2,0,2
2019,Gemad,COACCIÓN,5,0,5
2019,Gemad,CONDUCCIÓN TEMERARIA,34,1,35
2019,Gemad,CRIMEN ORGANIZADO,39,2,41
2019,Gemad,DAÑOS,7,0,7
2019,Gemad,DELITO MIGRATORIO,64,16,80
2019,Gemad,DELITOS SEXUALES,64,1,65
2019,Gemad,DESACATO A LA AUTORIDAD,34,5,39
2019,Gemad,DESCONOCIDO,945,155,1100
2019,Gemad,EXTORSIÓN,2,0,2
2019,Gemad,FALSEDAD EN DOCUMENTO,13,1,14
2019,Gemad,FALSIFICACIÓN,1,0,1
2019,Gemad,FALSO TESTIMONIO,1,0,1
2019,Gemad,FRAUDE / ESTAFA,19,6,25
2019,Gemad,HOMICIDIO / TENTATIVA DE,169,15,184
2019,Gemad,LAVADO DE ACTIVOS,16,3,19
2019,Gemad,LESIONES PERSONALES,90,7,97
2019,Gemad,NARCOTRÁFICO,834,209,1043
2019,Gemad,NO REPORTA – CONFIDENCIALIDAD ESTATAL,456,88,544
2019,Gemad,OTROS,96,7,103
2019,Gemad,PORTE ILEGAL DE ARMAS,60,3,63
2019,Gemad,ROBO / HURTO,316,31,347
2019,Gemad,SECUESTRO,43,1,44
2019,Gemad,TRATA DE PERSONAS,1,2,3
2019,Gemad,VIOLENCIA DE GENERO,51,0,51
2019,Gemad,VIOLENCIA INTRAFAMILIAR,5,1,6
2019,Gemad,ALLANAMIENTO,1,0,1
2019,Gemad,AMENAZAS,5,0,5
2019,Gemad,CELEBRACIÓN INDEBIDA DE CONTRATOS,2,0,2
2019,Gemad,COACCIÓN,5,0,5
2019,Gemad,CONDUCCIÓN TEMERARIA,34,1,35
2019,Gemad,CRIMEN ORGANIZADO,39,2,41
2019,Gemad,DAÑOS,7,0,7
2019,Gemad,DELITO MIGRATORIO,66,16,82
2019,Gemad,DELITOS SEXUALES,64,1,65
2019,Gemad,DESACATO A LA AUTORIDAD,34,6,40
2019,Gemad,DESCONOCIDO,947,155,1102
2019,Gemad,EXTORSIÓN,2,0,2
2019,Gemad,FALSEDAD EN DOCUMENTO,13,1,14
2019,Gemad,FALSIFICACIÓN,1,0,1
2019,Gemad,FALSO TESTIMONIO,1,0,1
2019,Gemad,FRAUDE / ESTAFA,19,6,25
2019,Gemad,HOMICIDIO / TENTATIVA DE,169,15,184
2019,Gemad,LAVADO DE ACTIVOS,16,3,19
2019,Gemad,LESIONES PERSONALES,91,7,98
2019,Gemad,NARCOTRÁFICO,834,210,1044
2019,Gemad,NO REPORTA – CONFIDENCIALIDAD ESTATAL,458,88,546
2019,Gemad,OTROS,100,6,106
2019,Gemad,PORTE ILEGAL DE ARMAS,60,3,63
2019,Gemad,ROBO / HURTO,316,31,347
2019,Gemad,SECUESTRO,43,1,44
2019,Gemad,TRATA DE PERSONAS,1,2,3
2019,Gemad,VIOLENCIA DE GENERO,52,0,52
2019,Gemad,VIOLENCIA INTRAFAMILIAR,5,1,6
2019,Educación,AMENAZAS,6,0,6
2019,Educación,COACCIÓN,3,0,3
2019,Educación,CONDUCCIÓN TEMERARIA,3,0,3
2019,Educación,CONTRABANDO,8,1,9
2019,Educación,CRIMEN ORGANIZADO,62,0,62
2019,Educación,DAÑOS,2,0,2
2019,Educación,DELITO MIGRATORIO,55,2,57
2019,Educación,DELITOS POLÍTICOS,1,0,1
2019,Educación,DELITOS SEXUALES,146,1,147
2019,Educación,DESACATO A LA AUTORIDAD,2,1,3
2019,Educación,DESCONOCIDO,118,8,126
2019,Educación,EXTORSIÓN,8,1,9
2019,Educación,FALSEDAD EN DOCUMENTO,8,0,8
2019,Educación,FALSIFICACIÓN,3,1,4
2019,Educación,FALSO TESTIMONIO,1,0,1
2019,Educación,FRAUDE / ESTAFA,75,10,85
2019,Educación,HOMICIDIO / TENTATIVA DE,189,8,197
2019,Educación,LAVADO DE ACTIVOS,26,1,27
2019,Educación,LESIONES PERSONALES,11,1,12
2019,Educación,NARCOTRÁFICO,2573,67,2640
2019,Educación,NO REPORTA – CONFIDENCIALIDAD ESTATAL,52,3,55
2019,Educación,OTROS,51,1,52
2019,Educación,PORTE ILEGAL DE ARMAS,45,3,48
2019,Educación,ROBO / HURTO,209,7,216
2019,Educación,SECUESTRO,38,0,38
2019,Educación,TERRORISMO,12,3,15
2019,Educación,TRATA DE PERSONAS,2,0,2
2019,Educación,VIOLENCIA DE GENERO,1,0,1
2019,Educación,VIOLENCIA INTRAFAMILIAR,6,2,8
2019,Educación,AMENAZAS,6,0,6
2019,Educación,COACCIÓN,3,0,3
2019,Educación,CONDUCCIÓN TEMERARIA,3,0,3
2019,Educación,CONTRABANDO,6,1,7
2019,Educación,CRIMEN ORGANIZADO,62,0,62
2019,Educación,DAÑOS,2,0,2
2019,Educación,DELITO MIGRATORIO,56,2,58
2019,Educación,DELITOS POLÍTICOS,1,0,1
2019,Educación,DELITOS SEXUALES,151,1,152
2019,Educación,DESACATO A LA AUTORIDAD,3,1,4
2019,Educación,DESCONOCIDO,118,8,126
2019,Educación,EXTORSIÓN,8,1,9
2019,Educación,FALSEDAD EN DOCUMENTO,6,0,6
2019,Educación,FALSIFICACIÓN,3,1,4
2019,Educación,FALSO TESTIMONIO,1,0,1
2019,Educación,FRAUDE / ESTAFA,73,10,83
2019,Educación,HOMICIDIO / TENTATIVA DE,186,8,194
2019,Educación,LAVADO DE ACTIVOS,26,1,27
2019,Educación,LESIONES PERSONALES,11,1,12
2019,Educación,NARCOTRÁFICO,2587,68,2655
2019,Educación,NO REPORTA – CONFIDENCIALIDAD ESTATAL,55,3,58
2019,Educación,OTROS,56,2,58
2019,Educación,PORTE ILEGAL DE ARMAS,42,3,45
2019,Educación,ROBO / HURTO,203,8,211
2019,Educación,SECUESTRO,37,0,37
2019,Educación,TERRORISMO,11,3,14
2019,Educación,TRATA DE PERSONAS,2,0,2
2019,Educación,VIOLENCIA DE GENERO,1,0,1
2019,Educación,VIOLENCIA INTRAFAMILIAR,6,2,8
2019,Educación,AMENAZAS,5,0,5
2019,Educación,COACCIÓN,3,0,3
2019,Educación,CONDUCCIÓN TEMERARIA,2,0,2
2019,Educación,CONTRABANDO,5,0,5
2019,Educación,CRIMEN ORGANIZADO,59,0,59
2019,Educación,DAÑOS,2,0,2
2019,Educación,DELITO MIGRATORIO,54,2,56
2019,Educación,DELITOS POLÍTICOS,1,0,1
2019,Educación,DELITOS SEXUALES,158,1,159
2019,Educación,DESACATO A LA AUTORIDAD,3,1,4
2019,Educación,DESCONOCIDO,118,8,126
2019,Educación,EXTORSIÓN,8,1,9
2019,Educación,FALSEDAD EN DOCUMENTO,7,0,7
2019,Educación,FALSIFICACIÓN,3,1,4
2019,Educación,FALSO TESTIMONIO,1,0,1
2019,Educación,FRAUDE / ESTAFA,73,11,84
2019,Educación,HOMICIDIO / TENTATIVA DE,185,7,192
2019,Educación,LAVADO DE ACTIVOS,28,2,30
2019,Educación,LESIONES PERSONALES,11,1,12
2019,Educación,NARCOTRÁFICO,2549,71,2620
2019,Educación,NO REPORTA – CONFIDENCIALIDAD ESTATAL,55,2,57
2019,Educación,OTROS,56,2,58
2019,Educación,PORTE ILEGAL DE ARMAS,41,3,44
2019,Educación,ROBO / HURTO,208,8,216
2019,Educación,SECUESTRO,38,0,38
2019,Educación,TERRORISMO,12,3,15
2019,Educación,TRATA DE PERSONAS,2,0,2
2019,Educación,VIOLENCIA DE GENERO,1,0,1
2019,Educación,VIOLENCIA INTRAFAMILIAR,6,2,8
2019,Educación,AMENAZAS,5,0,5
2019,Educación,COACCIÓN,3,0,3
2019,Educación,CONDUCCIÓN TEMERARIA,2,0,2
2019,Educación,CONTRABANDO,5,0,5
2019,Educación,CRIMEN ORGANIZADO,57,0,57
2019,Educación,DAÑOS,2,0,2
2019,Educación,DELITO MIGRATORIO,51,2,53
2019,Educación,DELITOS POLÍTICOS,1,0,1
2019,Educación,DELITOS SEXUALES,155,1,156
2019,Educación,DESACATO A LA AUTORIDAD,3,1,4
2019,Educación,DESCONOCIDO,119,9,128
2019,Educación,EXTORSIÓN,8,1,9
2019,Educación,FALSEDAD EN DOCUMENTO,7,0,7
2019,Educación,FALSIFICACIÓN,3,1,4
2019,Educación,FALSO TESTIMONIO,1,0,1
2019,Educación,FRAUDE / ESTAFA,72,11,83
2019,Educación,HOMICIDIO / TENTATIVA DE,181,7,188
2019,Educación,LAVADO DE ACTIVOS,25,2,27
2019,Educación,LESIONES PERSONALES,11,1,12
2019,Educación,NARCOTRÁFICO,2459,72,2531
2019,Educación,NO REPORTA – CONFIDENCIALIDAD ESTATAL,57,2,59
2019,Educación,OTROS,55,2,57
2019,Educación,PORTE ILEGAL DE ARMAS,40,3,43
2019,Educación,ROBO / HURTO,208,8,216
2019,Educación,SECUESTRO,37,0,37
2019,Educación,TERRORISMO,11,3,14
2019,Educación,TRATA DE PERSONAS,2,0,2
2019,Educación,VIOLENCIA DE GENERO,1,0,1
2019,Educación,VIOLENCIA INTRAFAMILIAR,6,2,8
2019,FEDERACION DE RUSIA,NARCOTRÁFICO,4,2,6
2019,FEDERACION DE RUSIA,ROBO / HURTO,3,0,3
2019,FEDERACION DE RUSIA,NARCOTRÁFICO,4,2,6
2019,FEDERACION DE RUSIA,ROBO / HURTO,3,0,3
2019,FEDERACION DE RUSIA,NARCOTRÁFICO,4,2,6
2019,FEDERACION DE RUSIA,ROBO / HURTO,3,0,3
2019,FEDERACION DE RUSIA,NARCOTRÁFICO,4,2,6
2019,FEDERACION DE RUSIA,ROBO / HURTO,3,0,3
2019,FILIPINAS,DELITO MIGRATORIO,1,0,1
2019,FILIPINAS,DESCONOCIDO,1,0,1
2019,FILIPINAS,DELITO MIGRATORIO,1,0,1
2019,FILIPINAS,DESCONOCIDO,1,0,1
2019,FINLANDIA,NARCOTRÁFICO,1,0,1
2019,FINLANDIA,ROBO / HURTO,1,0,1
2019,FINLANDIA,NARCOTRÁFICO,1,0,1
2019,FINLANDIA,ROBO / HURTO,1,0,1
2019,FINLANDIA,NARCOTRÁFICO,1,2,3
2019,FINLANDIA,ROBO / HURTO,1,0,1
2019,FINLANDIA,NARCOTRÁFICO,1,2,3
2019,FINLANDIA,ROBO / HURTO,1,0,1
2019,FRANCIA,DELITOS SEXUALES,7,1,8
2019,FRANCIA,DESCONOCIDO,13,3,16
2019,FRANCIA,FRAUDE / ESTAFA,1,1,2
2019,FRANCIA,HOMICIDIO / TENTATIVA DE,4,0,4
2019,FRANCIA,LAVADO DE ACTIVOS,3,0,3
2019,FRANCIA,NARCOTRÁFICO,22,5,27
2019,FRANCIA,NO REPORTA – CONFIDENCIALIDAD ESTATAL,6,2,8
2019,FRANCIA,OTROS,1,0,1
2019,FRANCIA,PORTE ILEGAL DE ARMAS,1,0,1
2019,FRANCIA,ROBO / HURTO,12,4,16
2019,FRANCIA,VIOLENCIA INTRAFAMILIAR,1,0,1
2019,FRANCIA,DELITOS SEXUALES,8,1,9
2019,FRANCIA,DESCONOCIDO,13,3,16
2019,FRANCIA,FRAUDE / ESTAFA,1,1,2
2019,FRANCIA,HOMICIDIO / TENTATIVA DE,4,0,4
2019,FRANCIA,LAVADO DE ACTIVOS,3,0,3
2019,FRANCIA,NARCOTRÁFICO,23,6,29
2019,FRANCIA,NO REPORTA – CONFIDENCIALIDAD ESTATAL,7,2,9
2019,FRANCIA,OTROS,2,0,2
2019,FRANCIA,PORTE ILEGAL DE ARMAS,1,0,1
2019,FRANCIA,ROBO / HURTO,12,4,16
2019,FRANCIA,VIOLENCIA INTRAFAMILIAR,1,0,1
2019,FRANCIA,DELITO MIGRATORIO,1,1,2
2019,FRANCIA,DELITOS SEXUALES,9,1,10
2019,FRANCIA,DESCONOCIDO,13,3,16
2019,FRANCIA,FRAUDE / ESTAFA,1,0,1
2019,FRANCIA,HOMICIDIO / TENTATIVA DE,4,0,4
2019,FRANCIA,LAVADO DE ACTIVOS,2,0,2
2019,FRANCIA,NARCOTRÁFICO,18,7,25
2019,FRANCIA,NO REPORTA – CONFIDENCIALIDAD ESTATAL,18,3,21
2019,FRANCIA,OTROS,7,0,7
2019,FRANCIA,PORTE ILEGAL DE ARMAS,1,0,1
2019,FRANCIA,ROBO / HURTO,14,1,15
2019,FRANCIA,VIOLENCIA INTRAFAMILIAR,1,0,1
2019,FRANCIA,DELITO MIGRATORIO,1,1,2
2019,FRANCIA,DELITOS SEXUALES,9,1,10
2019,FRANCIA,DESCONOCIDO,13,3,16
2019,FRANCIA,FRAUDE / ESTAFA,1,0,1
2019,FRANCIA,HOMICIDIO / TENTATIVA DE,4,0,4
2019,FRANCIA,LAVADO DE ACTIVOS,2,0,2
2019,FRANCIA,NARCOTRÁFICO,17,7,24
2019,FRANCIA,NO REPORTA – CONFIDENCIALIDAD ESTATAL,18,2,20
2019,FRANCIA,OTROS,14,1,15
2019,FRANCIA,PORTE ILEGAL DE ARMAS,1,0,1
2019,FRANCIA,ROBO / HURTO,13,2,15
2019,FRANCIA,VIOLENCIA INTRAFAMILIAR,2,0,2
2019,GEORGIA,NARCOTRÁFICO,0,1,1
2019,GEORGIA,NARCOTRÁFICO,0,1,1
2019,GEORGIA,NARCOTRÁFICO,0,1,1
2019,GHANA,NARCOTRÁFICO,1,0,1
2019,GHANA,NARCOTRÁFICO,1,0,1
2019,GHANA,NARCOTRÁFICO,1,0,1
2019,GHANA,NARCOTRÁFICO,1,0,1
2019,GRECIA,FALSEDAD EN DOCUMENTO,1,0,1
2019,GRECIA,HOMICIDIO / TENTATIVA DE,1,0,1
2019,GRECIA,NARCOTRÁFICO,1,0,1
2019,GRECIA,ROBO / HURTO,2,1,3
2019,GRECIA,DELITO MIGRATORIO,1,0,1
2019,GRECIA,FALSEDAD EN DOCUMENTO,1,0,1
2019,GRECIA,NARCOTRÁFICO,1,0,1
2019,GRECIA,ROBO / HURTO,2,1,3
2019,GRECIA,DELITO MIGRATORIO,1,0,1
2019,GRECIA,NARCOTRÁFICO,3,1,4
2019,GRECIA,ROBO / HURTO,2,1,3
2019,GRECIA,DELITO MIGRATORIO,1,0,1
2019,GRECIA,NARCOTRÁFICO,3,1,4
2019,GRECIA,ROBO / HURTO,2,0,2
2019,GUATEMALA,DESCONOCIDO,7,5,12
2019,GUATEMALA,FRAUDE / ESTAFA,1,0,1
2019,GUATEMALA,LAVADO DE ACTIVOS,10,2,12
2019,GUATEMALA,NARCOTRÁFICO,30,3,33
2019,GUATEMALA,OTROS,1,1,2
2019,GUATEMALA,PORTE ILEGAL DE ARMAS,1,0,1
2019,GUATEMALA,ROBO / HURTO,3,1,4
2019,GUATEMALA,DESCONOCIDO,7,5,12
2019,GUATEMALA,FALSO TESTIMONIO,0,1,1
2019,GUATEMALA,FRAUDE / ESTAFA,1,0,1
2019,GUATEMALA,LAVADO DE ACTIVOS,11,4,15
2019,GUATEMALA,NARCOTRÁFICO,31,3,34
2019,GUATEMALA,OTROS,1,1,2
2019,GUATEMALA,PORTE ILEGAL DE ARMAS,1,0,1
2019,GUATEMALA,ROBO / HURTO,3,0,3
2019,GUATEMALA,DESCONOCIDO,7,5,12
2019,GUATEMALA,FALSO TESTIMONIO,0,1,1
2019,GUATEMALA,FRAUDE / ESTAFA,3,0,3
2019,GUATEMALA,LAVADO DE ACTIVOS,11,4,15
2019,GUATEMALA,NARCOTRÁFICO,36,3,39
2019,GUATEMALA,OTROS,1,1,2
2019,GUATEMALA,PORTE ILEGAL DE ARMAS,1,0,1
2019,GUATEMALA,ROBO / HURTO,3,0,3
2019,GUATEMALA,DESCONOCIDO,7,5,12
2019,GUATEMALA,FALSO TESTIMONIO,0,1,1
2019,GUATEMALA,FRAUDE / ESTAFA,3,0,3
2019,GUATEMALA,LAVADO DE ACTIVOS,11,4,15
2019,GUATEMALA,NARCOTRÁFICO,36,3,39
2019,GUATEMALA,OTROS,1,1,2
2019,GUATEMALA,PORTE ILEGAL DE ARMAS,1,0,1
2019,GUATEMALA,ROBO / HURTO,3,0,3
2019,GUYANA,FRAUDE / ESTAFA,1,0,1
2019,GUYANA,FRAUDE / ESTAFA,1,0,1
2019,GUYANA,FRAUDE / ESTAFA,1,0,1
2019,GUYANA,FRAUDE / ESTAFA,1,0,1
2019,GUYANA FRANCESA,NARCOTRÁFICO,0,2,2
2019,GUYANA FRANCESA,NARCOTRÁFICO,0,2,2
2019,HONDURAS,CRIMEN ORGANIZADO,14,5,19
2019,HONDURAS,DESCONOCIDO,8,0,8
2019,HONDURAS,FALSEDAD EN DOCUMENTO,1,0,1
2019,HONDURAS,FRAUDE / ESTAFA,17,5,22
2019,HONDURAS,LAVADO DE ACTIVOS,2,0,2
2019,HONDURAS,NARCOTRÁFICO,53,3,56
2019,HONDURAS,OTROS,2,0,2
2019,HONDURAS,PORTE ILEGAL DE ARMAS,4,0,4
2019,HONDURAS,ROBO / HURTO,1,0,1
2019,HONDURAS,CRIMEN ORGANIZADO,14,5,19
2019,HONDURAS,DESCONOCIDO,8,0,8
2019,HONDURAS,FALSEDAD EN DOCUMENTO,1,0,1
2019,HONDURAS,FRAUDE / ESTAFA,17,5,22
2019,HONDURAS,LAVADO DE ACTIVOS,2,0,2
2019,HONDURAS,NARCOTRÁFICO,53,3,56
2019,HONDURAS,OTROS,2,0,2
2019,HONDURAS,PORTE ILEGAL DE ARMAS,4,0,4
2019,HONDURAS,ROBO / HURTO,1,0,1
2019,HONDURAS,CRIMEN ORGANIZADO,14,5,19
2019,HONDURAS,DESCONOCIDO,8,0,8
2019,HONDURAS,FALSEDAD EN DOCUMENTO,1,0,1
2019,HONDURAS,FRAUDE / ESTAFA,16,5,21
2019,HONDURAS,LAVADO DE ACTIVOS,2,0,2
2019,HONDURAS,NARCOTRÁFICO,55,3,58
2019,HONDURAS,OTROS,2,0,2
2019,HONDURAS,PORTE ILEGAL DE ARMAS,4,0,4
2019,HONDURAS,ROBO / HURTO,1,0,1
2019,HONDURAS,CRIMEN ORGANIZADO,14,5,19
2019,HONDURAS,DESCONOCIDO,8,0,8
2019,HONDURAS,FALSEDAD EN DOCUMENTO,1,0,1
2019,HONDURAS,FRAUDE / ESTAFA,16,5,21
2019,HONDURAS,LAVADO DE ACTIVOS,2,0,2
2019,HONDURAS,NARCOTRÁFICO,54,3,57
2019,HONDURAS,OTROS,2,0,2
2019,HONDURAS,PORTE ILEGAL DE ARMAS,3,0,3
2019,HONDURAS,ROBO / HURTO,1,0,1
2019,HONG KONG,DESACATO A LA AUTORIDAD,2,0,2
2019,HONG KONG,DESCONOCIDO,1,0,1
2019,HONG KONG,FALSEDAD EN DOCUMENTO,1,0,1
2019,HONG KONG,FRAUDE / ESTAFA,0,2,2
2019,HONG KONG,NARCOTRÁFICO,102,16,118
2019,HONG KONG,OTROS,1,0,1
2019,HONG KONG,ROBO / HURTO,14,2,16
2019,HONG KONG,DESACATO A LA AUTORIDAD,2,0,2
2019,HONG KONG,DESCONOCIDO,1,0,1
2019,HONG KONG,FRAUDE / ESTAFA,0,2,2
2019,HONG KONG,NARCOTRÁFICO,98,16,114
2019,HONG KONG,OTROS,1,0,1
2019,HONG KONG,ROBO / HURTO,14,1,15
2019,HONG KONG,DESACATO A LA AUTORIDAD,2,0,2
2019,HONG KONG,DESCONOCIDO,1,0,1
2019,HONG KONG,FRAUDE / ESTAFA,0,2,2
2019,HONG KONG,NARCOTRÁFICO,105,16,121
2019,HONG KONG,OTROS,2,0,2
2019,HONG KONG,ROBO / HURTO,13,1,14
2019,HONG KONG,DESACATO A LA AUTORIDAD,2,0,2
2019,HONG KONG,DESCONOCIDO,1,0,1
2019,HONG KONG,FRAUDE / ESTAFA,0,2,2
2019,HONG KONG,NARCOTRÁFICO,100,16,116
2019,HONG KONG,OTROS,1,0,1
2019,HONG KONG,ROBO / HURTO,11,1,12
2019,INDIA,DESCONOCIDO,1,1,2
2019,INDIA,NARCOTRÁFICO,3,0,3
2019,INDIA,OTROS,1,0,1
2019,INDIA,ROBO / HURTO,1,0,1
2019,INDIA,DESCONOCIDO,1,1,2
2019,INDIA,NARCOTRÁFICO,3,0,3
2019,INDIA,OTROS,1,0,1
2019,INDIA,ROBO / HURTO,1,0,1
2019,INDIA,DESCONOCIDO,1,1,2
2019,INDIA,NARCOTRÁFICO,3,0,3
2019,INDIA,OTROS,1,0,1
2019,INDIA,ROBO / HURTO,1,0,1
2019,INDIA,DESCONOCIDO,1,1,2
2019,INDIA,NARCOTRÁFICO,3,0,3
2019,INDIA,OTROS,1,0,1
2019,INDIA,ROBO / HURTO,1,0,1
2019,ISRAEL,DESCONOCIDO,13,8,21
2019,ISRAEL,HOMICIDIO / TENTATIVA DE,4,0,4
2019,ISRAEL,NARCOTRÁFICO,11,5,16
2019,ISRAEL,TERRORISMO,1,0,1
2019,ISRAEL,DESCONOCIDO,13,8,21
2019,ISRAEL,HOMICIDIO / TENTATIVA DE,4,0,4
2019,ISRAEL,NARCOTRÁFICO,11,5,16
2019,ISRAEL,TERRORISMO,1,0,1
2019,ISRAEL,DESCONOCIDO,13,8,21
2019,ISRAEL,HOMICIDIO / TENTATIVA DE,4,0,4
2019,ISRAEL,NARCOTRÁFICO,11,5,16
2019,ISRAEL,TERRORISMO,1,0,1
2019,ISRAEL,DESCONOCIDO,13,8,21
2019,ISRAEL,HOMICIDIO / TENTATIVA DE,4,0,4
2019,ISRAEL,NARCOTRÁFICO,11,5,16
2019,ISRAEL,TERRORISMO,1,0,1
2019,ITALIA,CONTRABANDO,0,1,1
2019,ITALIA,DELITO MIGRATORIO,0,1,1
2019,ITALIA,DELITOS SEXUALES,4,0,4
2019,ITALIA,DESCONOCIDO,45,10,55
2019,ITALIA,EXTORSIÓN,1,0,1
2019,ITALIA,FALSEDAD EN DOCUMENTO,2,0,2
2019,ITALIA,FRAUDE / ESTAFA,1,0,1
2019,ITALIA,HOMICIDIO / TENTATIVA DE,11,0,11
2019,ITALIA,LESIONES PERSONALES,5,0,5
2019,ITALIA,NARCOTRÁFICO,83,19,102
2019,ITALIA,NO REPORTA – CONFIDENCIALIDAD ESTATAL,8,4,12
2019,ITALIA,OTROS,12,2,14
2019,ITALIA,ROBO / HURTO,41,9,50
2019,ITALIA,SECUESTRO,1,0,1
2019,ITALIA,VIOLENCIA INTRAFAMILIAR,1,0,1
2019,ITALIA,CONTRABANDO,0,1,1
2019,ITALIA,DELITO MIGRATORIO,0,1,1
2019,ITALIA,DELITOS SEXUALES,4,1,5
2019,ITALIA,DESCONOCIDO,45,10,55
2019,ITALIA,EXTORSIÓN,1,0,1
2019,ITALIA,FALSEDAD EN DOCUMENTO,1,0,1
2019,ITALIA,FRAUDE / ESTAFA,1,0,1
2019,ITALIA,HOMICIDIO / TENTATIVA DE,11,0,11
2019,ITALIA,LESIONES PERSONALES,5,0,5
2019,ITALIA,NARCOTRÁFICO,89,18,107
2019,ITALIA,NO REPORTA – CONFIDENCIALIDAD ESTATAL,8,5,13
2019,ITALIA,OTROS,12,2,14
2019,ITALIA,ROBO / HURTO,44,8,52
2019,ITALIA,SECUESTRO,1,0,1
2019,ITALIA,VIOLENCIA INTRAFAMILIAR,1,0,1
2019,ITALIA,DELITO MIGRATORIO,0,2,2
2019,ITALIA,DELITOS SEXUALES,5,1,6
2019,ITALIA,DESCONOCIDO,45,10,55
2019,ITALIA,EXTORSIÓN,1,0,1
2019,ITALIA,FALSEDAD EN DOCUMENTO,1,0,1
2019,ITALIA,FRAUDE / ESTAFA,1,0,1
2019,ITALIA,HOMICIDIO / TENTATIVA DE,11,0,11
2019,ITALIA,LESIONES PERSONALES,5,0,5
2019,ITALIA,NARCOTRÁFICO,91,18,109
2019,ITALIA,NO REPORTA – CONFIDENCIALIDAD ESTATAL,7,5,12
2019,ITALIA,OTROS,13,2,15
2019,ITALIA,ROBO / HURTO,44,8,52
2019,ITALIA,SECUESTRO,1,0,1
2019,ITALIA,VIOLENCIA INTRAFAMILIAR,1,0,1
2019,ITALIA,DELITO MIGRATORIO,0,1,1
2019,ITALIA,DELITOS SEXUALES,5,1,6
2019,ITALIA,DESCONOCIDO,45,10,55
2019,ITALIA,EXTORSIÓN,1,0,1
2019,ITALIA,FALSEDAD EN DOCUMENTO,1,0,1
2019,ITALIA,FRAUDE / ESTAFA,1,0,1
2019,ITALIA,HOMICIDIO / TENTATIVA DE,11,0,11
2019,ITALIA,LESIONES PERSONALES,5,1,6
2019,ITALIA,NARCOTRÁFICO,91,18,109
2019,ITALIA,NO REPORTA – CONFIDENCIALIDAD ESTATAL,7,5,12
2019,ITALIA,OTROS,12,2,14
2019,ITALIA,ROBO / HURTO,48,8,56
2019,ITALIA,SECUESTRO,1,0,1
2019,ITALIA,VIOLENCIA INTRAFAMILIAR,1,0,1
2019,JAPON,DESCONOCIDO,84,23,107
2019,JAPON,HOMICIDIO / TENTATIVA DE,1,0,1
2019,JAPON,NARCOTRÁFICO,5,2,7
2019,JAPON,ROBO / HURTO,8,1,9
2019,JAPON,DESCONOCIDO,84,23,107
2019,JAPON,HOMICIDIO / TENTATIVA DE,1,0,1
2019,JAPON,NARCOTRÁFICO,5,2,7
2019,JAPON,ROBO / HURTO,10,1,11
2019,JAPON,DESCONOCIDO,84,23,107
2019,JAPON,HOMICIDIO / TENTATIVA DE,1,0,1
2019,JAPON,NARCOTRÁFICO,5,2,7
2019,JAPON,ROBO / HURTO,10,1,11
2019,JAPON,DELITO MIGRATORIO,1,0,1
2019,JAPON,DESCONOCIDO,84,23,107
2019,JAPON,HOMICIDIO / TENTATIVA DE,1,0,1
2019,JAPON,NARCOTRÁFICO,4,2,6
2019,JAPON,ROBO / HURTO,12,2,14
2019,KAZAJSTAN,NARCOTRÁFICO,3,0,3
2019,KAZAJSTAN,NARCOTRÁFICO,3,0,3
2019,KAZAJSTAN,NARCOTRÁFICO,3,0,3
2019,KAZAJSTAN,NARCOTRÁFICO,3,0,3
2019,KENIA,DESCONOCIDO,4,0,4
2019,KENIA,DESCONOCIDO,4,0,4
2019,KENIA,DESCONOCIDO,4,0,4
2019,KENIA,DESCONOCIDO,4,0,4
2019,LIBANO,ROBO / HURTO,3,0,3
2019,LIBANO,ROBO / HURTO,3,0,3
2019,LIBANO,ROBO / HURTO,2,0,2
2019,LIBANO,ROBO / HURTO,2,0,2
2019,MALASIA,ROBO / HURTO,17,1,18
2019,MALASIA,ROBO / HURTO,17,1,18
2019,MALASIA,ROBO / HURTO,17,1,18
2019,MALASIA,ROBO / HURTO,17,1,18
2019,MALTA,DESCONOCIDO,1,0,1
2019,MALTA,NARCOTRÁFICO,4,3,7
2019,MALTA,DESCONOCIDO,1,0,1
2019,MALTA,NARCOTRÁFICO,4,3,7
2019,MALTA,DESCONOCIDO,1,0,1
2019,MALTA,NARCOTRÁFICO,4,3,7
2019,MALTA,DESCONOCIDO,1,0,1
2019,MALTA,NARCOTRÁFICO,4,3,7
2019,MARRUECOS,NARCOTRÁFICO,2,0,2
2019,MARRUECOS,NARCOTRÁFICO,4,0,4
2019,MARRUECOS,NARCOTRÁFICO,4,0,4
2019,MARRUECOS,NARCOTRÁFICO,4,0,4
2019,MARTINICA,NARCOTRÁFICO,1,0,1
2019,MARTINICA,NARCOTRÁFICO,1,0,1
2019,MARTINICA,NARCOTRÁFICO,1,0,1
2019,MARTINICA,NARCOTRÁFICO,1,0,1
2019,MEXICO,ALLANAMIENTO,0,1,1
2019,MEXICO,CONTRABANDO,5,1,6
2019,MEXICO,CRIMEN ORGANIZADO,41,6,47
2019,MEXICO,DAÑOS,1,0,1
2019,MEXICO,DELITOS SEXUALES,1,0,1
2019,MEXICO,DESACATO A LA AUTORIDAD,5,1,6
2019,MEXICO,DESCONOCIDO,136,28,164
2019,MEXICO,EXTORSIÓN,4,1,5
2019,MEXICO,FALSEDAD EN DOCUMENTO,3,2,5
2019,MEXICO,FALSIFICACIÓN,3,1,4
2019,MEXICO,FRAUDE / ESTAFA,2,0,2
2019,MEXICO,HOMICIDIO / TENTATIVA DE,11,3,14
2019,MEXICO,LAVADO DE ACTIVOS,15,3,18
2019,MEXICO,LESIONES PERSONALES,4,0,4
2019,MEXICO,NARCOTRÁFICO,121,24,145
2019,MEXICO,OTROS,30,4,34
2019,MEXICO,PORTE ILEGAL DE ARMAS,30,4,34
2019,MEXICO,ROBO / HURTO,178,29,207
2019,MEXICO,SECUESTRO,7,7,14
2019,MEXICO,VIOLENCIA INTRAFAMILIAR,1,0,1
2019,MEXICO,ALLANAMIENTO,1,1,2
2019,MEXICO,CONTRABANDO,3,1,4
2019,MEXICO,CRIMEN ORGANIZADO,39,6,45
2019,MEXICO,DAÑOS,2,0,2
2019,MEXICO,DELITOS SEXUALES,1,0,1
2019,MEXICO,DESACATO A LA AUTORIDAD,5,2,7
2019,MEXICO,DESCONOCIDO,136,28,164
2019,MEXICO,EXTORSIÓN,4,1,5
2019,MEXICO,FALSEDAD EN DOCUMENTO,3,2,5
2019,MEXICO,FALSIFICACIÓN,3,1,4
2019,MEXICO,FRAUDE / ESTAFA,1,0,1
2019,MEXICO,HOMICIDIO / TENTATIVA DE,12,2,14
2019,MEXICO,LAVADO DE ACTIVOS,12,2,14
2019,MEXICO,LESIONES PERSONALES,7,0,7
2019,MEXICO,NARCOTRÁFICO,114,23,137
2019,MEXICO,OTROS,24,4,28
2019,MEXICO,PORTE ILEGAL DE ARMAS,29,4,33
2019,MEXICO,ROBO / HURTO,164,25,189
2019,MEXICO,SECUESTRO,7,7,14
2019,MEXICO,VIOLENCIA INTRAFAMILIAR,1,0,1
2019,MEXICO,ALLANAMIENTO,1,1,2
2019,MEXICO,CONTRABANDO,3,1,4
2019,MEXICO,CRIMEN ORGANIZADO,38,6,44
2019,MEXICO,DAÑOS,1,0,1
2019,MEXICO,DELITOS SEXUALES,2,0,2
2019,MEXICO,DESACATO A LA AUTORIDAD,9,2,11
2019,MEXICO,DESCONOCIDO,136,28,164
2019,MEXICO,EXTORSIÓN,10,1,11
2019,MEXICO,FALSEDAD EN DOCUMENTO,5,1,6
2019,MEXICO,FALSIFICACIÓN,3,1,4
2019,MEXICO,FRAUDE / ESTAFA,1,0,1
2019,MEXICO,HOMICIDIO / TENTATIVA DE,10,2,12
2019,MEXICO,LAVADO DE ACTIVOS,13,2,15
2019,MEXICO,LESIONES PERSONALES,6,1,7
2019,MEXICO,NARCOTRÁFICO,130,24,154
2019,MEXICO,OTROS,27,4,31
2019,MEXICO,PORTE ILEGAL DE ARMAS,31,4,35
2019,MEXICO,ROBO / HURTO,171,25,196
2019,MEXICO,SECUESTRO,8,6,14
2019,MEXICO,VIOLENCIA INTRAFAMILIAR,1,0,1
2019,MEXICO,ALLANAMIENTO,1,1,2
2019,MEXICO,CONTRABANDO,3,1,4
2019,MEXICO,CRIMEN ORGANIZADO,38,6,44
2019,MEXICO,DAÑOS,1,0,1
2019,MEXICO,DELITOS SEXUALES,2,0,2
2019,MEXICO,DESACATO A LA AUTORIDAD,9,2,11
2019,MEXICO,DESCONOCIDO,136,28,164
2019,MEXICO,EXTORSIÓN,7,1,8
2019,MEXICO,FALSEDAD EN DOCUMENTO,3,1,4
2019,MEXICO,FALSIFICACIÓN,3,1,4
2019,MEXICO,FRAUDE / ESTAFA,2,0,2
2019,MEXICO,HOMICIDIO / TENTATIVA DE,10,2,12
2019,MEXICO,LAVADO DE ACTIVOS,10,2,12
2019,MEXICO,LESIONES PERSONALES,6,1,7
2019,MEXICO,NARCOTRÁFICO,135,28,163
2019,MEXICO,NO REPORTA – CONFIDENCIALIDAD ESTATAL,1,0,1
2019,MEXICO,OTROS,29,7,36
2019,MEXICO,PORTE ILEGAL DE ARMAS,34,4,38
2019,MEXICO,ROBO / HURTO,174,30,204
2019,MEXICO,SECUESTRO,9,9,18
2019,MEXICO,VIOLENCIA INTRAFAMILIAR,1,0,1
2019,MONTENEGRO,ROBO / HURTO,1,0,1
2019,MONTENEGRO,ROBO / HURTO,1,0,1
2019,MONTENEGRO,ROBO / HURTO,1,0,1
2019,MONTENEGRO,ROBO / HURTO,1,0,1
2019,MOZAMBIQUE,NARCOTRÁFICO,4,0,4
2019,MOZAMBIQUE,NARCOTRÁFICO,4,0,4
2019,MOZAMBIQUE,NARCOTRÁFICO,1,0,1
2019,MOZAMBIQUE,NARCOTRÁFICO,1,0,1
2019,NICARAGUA,CRIMEN ORGANIZADO,3,0,3
2019,NICARAGUA,DELITOS POLÍTICOS,1,0,1
2019,NICARAGUA,DESCONOCIDO,10,0,10
2019,NICARAGUA,FALSEDAD EN DOCUMENTO,1,0,1
2019,NICARAGUA,HOMICIDIO / TENTATIVA DE,2,0,2
2019,NICARAGUA,LAVADO DE ACTIVOS,2,0,2
2019,NICARAGUA,LESIONES PERSONALES,1,0,1
2019,NICARAGUA,NARCOTRÁFICO,20,0,20
2019,NICARAGUA,PORTE ILEGAL DE ARMAS,1,0,1
2019,NICARAGUA,CRIMEN ORGANIZADO,3,0,3
2019,NICARAGUA,DELITOS POLÍTICOS,1,0,1
2019,NICARAGUA,DESCONOCIDO,10,0,10
2019,NICARAGUA,FALSEDAD EN DOCUMENTO,1,0,1
2019,NICARAGUA,HOMICIDIO / TENTATIVA DE,2,0,2
2019,NICARAGUA,LAVADO DE ACTIVOS,1,0,1
2019,NICARAGUA,LESIONES PERSONALES,1,0,1
2019,NICARAGUA,NARCOTRÁFICO,19,0,19
2019,NICARAGUA,PORTE ILEGAL DE ARMAS,1,0,1
2019,NICARAGUA,CRIMEN ORGANIZADO,2,0,2
2019,NICARAGUA,DELITOS POLÍTICOS,1,0,1
2019,NICARAGUA,DESCONOCIDO,10,0,10
2019,NICARAGUA,FALSEDAD EN DOCUMENTO,1,0,1
2019,NICARAGUA,HOMICIDIO / TENTATIVA DE,2,0,2
2019,NICARAGUA,LAVADO DE ACTIVOS,1,0,1
2019,NICARAGUA,LESIONES PERSONALES,1,0,1
2019,NICARAGUA,NARCOTRÁFICO,21,0,21
2019,NICARAGUA,PORTE ILEGAL DE ARMAS,1,0,1
2019,NICARAGUA,ROBO / HURTO,0,1,1
2019,NICARAGUA,CRIMEN ORGANIZADO,2,0,2
2019,NICARAGUA,DELITOS POLÍTICOS,1,0,1
2019,NICARAGUA,DESCONOCIDO,10,0,10
2019,NICARAGUA,FALSEDAD EN DOCUMENTO,1,0,1
2019,NICARAGUA,HOMICIDIO / TENTATIVA DE,2,0,2
2019,NICARAGUA,LAVADO DE ACTIVOS,1,0,1
2019,NICARAGUA,LESIONES PERSONALES,1,0,1
2019,NICARAGUA,NARCOTRÁFICO,21,0,21
2019,NICARAGUA,PORTE ILEGAL DE ARMAS,1,0,1
2019,NICARAGUA,ROBO / HURTO,0,1,1
2019,NUEVA ZELANDA,DELITOS SEXUALES,1,0,1
2019,NUEVA ZELANDA,DELITOS SEXUALES,1,0,1
2019,NUEVA ZELANDA,DELITOS SEXUALES,1,0,1
2019,NUEVA ZELANDA,DELITOS SEXUALES,1,0,1
2019,PAISES BAJOS,DESCONOCIDO,12,1,13
2019,PAISES BAJOS,NARCOTRÁFICO,0,1,1
2019,PAISES BAJOS,ROBO / HURTO,1,0,1
2019,PAISES BAJOS,DESCONOCIDO,12,1,13
2019,PAISES BAJOS,NARCOTRÁFICO,0,1,1
2019,PAISES BAJOS,ROBO / HURTO,1,0,1
2019,PAISES BAJOS,DESCONOCIDO,12,1,13
2019,PAISES BAJOS,NARCOTRÁFICO,0,1,1
2019,PAISES BAJOS,ROBO / HURTO,1,0,1
2019,PAISES BAJOS,DESCONOCIDO,12,1,13
2019,PAISES BAJOS,NARCOTRÁFICO,0,1,1
2019,PAISES BAJOS,ROBO / HURTO,1,0,1
2019,Colombia,CRIMEN ORGANIZADO,3,1,4
2019,Colombia,DELITOS SEXUALES,7,0,7
2019,Colombia,DESCONOCIDO,18,1,19
2019,Colombia,EXTORSIÓN,8,0,8
2019,Colombia,FALSEDAD EN DOCUMENTO,0,2,2
2019,Colombia,FALSIFICACIÓN,1,0,1
2019,Colombia,FRAUDE / ESTAFA,54,14,68
2019,Colombia,HOMICIDIO / TENTATIVA DE,25,2,27
2019,Colombia,LAVADO DE ACTIVOS,4,1,5
2019,Colombia,LESIONES PERSONALES,1,0,1
2019,Colombia,NARCOTRÁFICO,857,77,934
2019,Colombia,OTROS,5,0,5
2019,Colombia,PORTE ILEGAL DE ARMAS,7,1,8
2019,Colombia,ROBO / HURTO,67,15,82
2019,Colombia,SECUESTRO,12,4,16
2019,Colombia,TERRORISMO,4,1,5
2019,Colombia,TRATA DE PERSONAS,9,9,18
2019,Colombia,VIOLENCIA INTRAFAMILIAR,1,0,1
2019,Colombia,CRIMEN ORGANIZADO,3,1,4
2019,Colombia,DELITOS SEXUALES,6,0,6
2019,Colombia,DESCONOCIDO,18,1,19
2019,Colombia,EXTORSIÓN,8,0,8
2019,Colombia,FALSEDAD EN DOCUMENTO,0,2,2
2019,Colombia,FALSIFICACIÓN,1,0,1
2019,Colombia,FRAUDE / ESTAFA,54,14,68
2019,Colombia,HOMICIDIO / TENTATIVA DE,26,2,28
2019,Colombia,LAVADO DE ACTIVOS,4,1,5
2019,Colombia,LESIONES PERSONALES,1,0,1
2019,Colombia,NARCOTRÁFICO,847,78,925
2019,Colombia,OTROS,5,0,5
2019,Colombia,PORTE ILEGAL DE ARMAS,7,1,8
2019,Colombia,ROBO / HURTO,63,15,78
2019,Colombia,SECUESTRO,12,4,16
2019,Colombia,TERRORISMO,4,1,5
2019,Colombia,TRATA DE PERSONAS,15,9,24
2019,Colombia,VIOLENCIA INTRAFAMILIAR,1,0,1
2019,Colombia,CRIMEN ORGANIZADO,3,1,4
2019,Colombia,DELITOS SEXUALES,6,0,6
2019,Colombia,DESCONOCIDO,18,1,19
2019,Colombia,EXTORSIÓN,8,0,8
2019,Colombia,FALSEDAD EN DOCUMENTO,0,2,2
2019,Colombia,FALSIFICACIÓN,1,0,1
2019,Colombia,FRAUDE / ESTAFA,54,14,68
2019,Colombia,HOMICIDIO / TENTATIVA DE,26,2,28
2019,Colombia,LAVADO DE ACTIVOS,4,1,5
2019,Colombia,LESIONES PERSONALES,1,0,1
2019,Colombia,NARCOTRÁFICO,836,76,912
2019,Colombia,OTROS,5,0,5
2019,Colombia,PORTE ILEGAL DE ARMAS,7,1,8
2019,Colombia,ROBO / HURTO,63,14,77
2019,Colombia,SECUESTRO,12,4,16
2019,Colombia,TERRORISMO,4,1,5
2019,Colombia,TRATA DE PERSONAS,15,9,24
2019,Colombia,VIOLENCIA INTRAFAMILIAR,1,0,1
2019,Colombia,CRIMEN ORGANIZADO,3,1,4
2019,Colombia,DELITOS SEXUALES,7,0,7
2019,Colombia,DESCONOCIDO,18,1,19
2019,Colombia,EXTORSIÓN,8,0,8
2019,Colombia,FALSEDAD EN DOCUMENTO,0,2,2
2019,Colombia,FALSIFICACIÓN,1,0,1
2019,Colombia,FRAUDE / ESTAFA,53,14,67
2019,Colombia,HOMICIDIO / TENTATIVA DE,25,2,27
2019,Colombia,LAVADO DE ACTIVOS,4,1,5
2019,Colombia,LESIONES PERSONALES,1,0,1
2019,Colombia,NARCOTRÁFICO,820,75,895
2019,Colombia,OTROS,5,0,5
2019,Colombia,PORTE ILEGAL DE ARMAS,7,1,8
2019,Colombia,ROBO / HURTO,64,14,78
2019,Colombia,SECUESTRO,12,4,16
2019,Colombia,TERRORISMO,5,1,6
2019,Colombia,TRATA DE PERSONAS,15,9,24
2019,Colombia,VIOLENCIA INTRAFAMILIAR,1,0,1
2019,PARAGUAY,CRIMEN ORGANIZADO,3,0,3
2019,PARAGUAY,DELITOS SEXUALES,1,0,1
2019,PARAGUAY,FALSEDAD EN DOCUMENTO,3,1,4
2019,PARAGUAY,NARCOTRÁFICO,16,0,16
2019,PARAGUAY,OTROS,0,1,1
2019,PARAGUAY,ROBO / HURTO,8,0,8
2019,PARAGUAY,TRATA DE PERSONAS,1,0,1
2019,PARAGUAY,CRIMEN ORGANIZADO,3,0,3
2019,PARAGUAY,DELITOS SEXUALES,1,0,1
2019,PARAGUAY,FALSEDAD EN DOCUMENTO,3,0,3
2019,PARAGUAY,NARCOTRÁFICO,17,0,17
2019,PARAGUAY,OTROS,0,1,1
2019,PARAGUAY,ROBO / HURTO,9,0,9
2019,PARAGUAY,TRATA DE PERSONAS,1,0,1
2019,PARAGUAY,CRIMEN ORGANIZADO,2,0,2
2019,PARAGUAY,DELITOS SEXUALES,2,0,2
2019,PARAGUAY,DESACATO A LA AUTORIDAD,1,0,1
2019,PARAGUAY,HOMICIDIO / TENTATIVA DE,1,0,1
2019,PARAGUAY,NARCOTRÁFICO,12,0,12
2019,PARAGUAY,OTROS,5,1,6
2019,PARAGUAY,ROBO / HURTO,13,1,14
2019,PARAGUAY,CRIMEN ORGANIZADO,2,0,2
2019,PARAGUAY,DELITOS SEXUALES,2,0,2
2019,PARAGUAY,DESACATO A LA AUTORIDAD,1,0,1
2019,PARAGUAY,HOMICIDIO / TENTATIVA DE,1,0,1
2019,PARAGUAY,NARCOTRÁFICO,11,0,11
2019,PARAGUAY,OTROS,5,1,6
2019,PARAGUAY,ROBO / HURTO,11,0,11
2019,PERU,DELITOS SEXUALES,1,0,1
2019,PERU,DESACATO A LA AUTORIDAD,2,0,2
2019,PERU,DESCONOCIDO,65,0,65
2019,PERU,EXTORSIÓN,2,0,2
2019,PERU,FALSEDAD EN DOCUMENTO,1,0,1
2019,PERU,FRAUDE / ESTAFA,1,0,1
2019,PERU,HOMICIDIO / TENTATIVA DE,8,2,10
2019,PERU,LAVADO DE ACTIVOS,2,0,2
2019,PERU,LESIONES PERSONALES,1,1,2
2019,PERU,NARCOTRÁFICO,479,72,551
2019,PERU,NO REPORTA – CONFIDENCIALIDAD ESTATAL,1,0,1
2019,PERU,OTROS,2,1,3
2019,PERU,PORTE ILEGAL DE ARMAS,4,2,6
2019,PERU,ROBO / HURTO,65,3,68
2019,PERU,SECUESTRO,2,0,2
2019,PERU,TERRORISMO,1,0,1
2019,PERU,TRATA DE PERSONAS,1,0,1
2019,PERU,DELITOS SEXUALES,2,0,2
2019,PERU,DESACATO A LA AUTORIDAD,1,0,1
2019,PERU,DESCONOCIDO,65,0,65
2019,PERU,EXTORSIÓN,2,0,2
2019,PERU,FALSEDAD EN DOCUMENTO,1,0,1
2019,PERU,FRAUDE / ESTAFA,1,0,1
2019,PERU,HOMICIDIO / TENTATIVA DE,11,2,13
2019,PERU,LAVADO DE ACTIVOS,2,0,2
2019,PERU,LESIONES PERSONALES,1,1,2
2019,PERU,NARCOTRÁFICO,485,70,555
2019,PERU,NO REPORTA – CONFIDENCIALIDAD ESTATAL,1,0,1
2019,PERU,OTROS,2,1,3
2019,PERU,PORTE ILEGAL DE ARMAS,8,2,10
2019,PERU,ROBO / HURTO,69,3,72
2019,PERU,SECUESTRO,2,0,2
2019,PERU,TERRORISMO,1,0,1
2019,PERU,TRATA DE PERSONAS,1,0,1
2019,PERU,DELITOS SEXUALES,4,0,4
2019,PERU,DESACATO A LA AUTORIDAD,1,0,1
2019,PERU,DESCONOCIDO,65,0,65
2019,PERU,EXTORSIÓN,2,0,2
2019,PERU,FALSEDAD EN DOCUMENTO,1,0,1
2019,PERU,FRAUDE / ESTAFA,1,0,1
2019,PERU,HOMICIDIO / TENTATIVA DE,12,4,16
2019,PERU,LAVADO DE ACTIVOS,2,0,2
2019,PERU,LESIONES PERSONALES,1,1,2
2019,PERU,NARCOTRÁFICO,492,75,567
2019,PERU,NO REPORTA – CONFIDENCIALIDAD ESTATAL,1,0,1
2019,PERU,OTROS,5,1,6
2019,PERU,PORTE ILEGAL DE ARMAS,7,2,9
2019,PERU,ROBO / HURTO,67,4,71
2019,PERU,SECUESTRO,2,0,2
2019,PERU,TERRORISMO,1,0,1
2019,PERU,TRATA DE PERSONAS,1,0,1
2019,PERU,DELITOS SEXUALES,4,0,4
2019,PERU,DESACATO A LA AUTORIDAD,1,0,1
2019,PERU,DESCONOCIDO,65,0,65
2019,PERU,EXTORSIÓN,2,0,2
2019,PERU,FALSEDAD EN DOCUMENTO,1,0,1
2019,PERU,FRAUDE / ESTAFA,1,0,1
2019,PERU,HOMICIDIO / TENTATIVA DE,12,4,16
2019,PERU,LAVADO DE ACTIVOS,2,0,2
2019,PERU,LESIONES PERSONALES,1,1,2
2019,PERU,NARCOTRÁFICO,495,75,570
2019,PERU,NO REPORTA – CONFIDENCIALIDAD ESTATAL,1,0,1
2019,PERU,OTROS,5,1,6
2019,PERU,PORTE ILEGAL DE ARMAS,7,2,9
2019,PERU,ROBO / HURTO,68,4,72
2019,PERU,SECUESTRO,2,0,2
2019,PERU,TERRORISMO,1,0,1
2019,PERU,TRATA DE PERSONAS,2,0,2
2019,POLONIA,DESCONOCIDO,1,0,1
2019,POLONIA,DESCONOCIDO,1,0,1
2019,POLONIA,DESCONOCIDO,1,0,1
2019,POLONIA,DESCONOCIDO,1,0,1
2019,PORTUGAL,DESCONOCIDO,8,0,8
2019,PORTUGAL,HOMICIDIO / TENTATIVA DE,0,1,1
2019,PORTUGAL,NARCOTRÁFICO,11,0,11
2019,PORTUGAL,DESCONOCIDO,8,0,8
2019,PORTUGAL,HOMICIDIO / TENTATIVA DE,0,1,1
2019,PORTUGAL,NARCOTRÁFICO,10,1,11
2019,PORTUGAL,DESCONOCIDO,8,0,8
2019,PORTUGAL,NARCOTRÁFICO,10,1,11
2019,PORTUGAL,DESCONOCIDO,8,0,8
2019,PORTUGAL,NARCOTRÁFICO,10,1,11
2019,QATAR,DELITOS SEXUALES,1,0,1
2019,QATAR,NARCOTRÁFICO,4,1,5
2019,QATAR,DELITOS SEXUALES,1,0,1
2019,QATAR,NARCOTRÁFICO,4,1,5
2019,QATAR,DELITOS SEXUALES,1,0,1
2019,QATAR,NARCOTRÁFICO,4,1,5
2019,QATAR,DELITOS SEXUALES,1,0,1
2019,QATAR,NARCOTRÁFICO,4,1,5
2019,REINO UNIDO,CRIMEN ORGANIZADO,2,0,2
2019,REINO UNIDO,DELITOS SEXUALES,5,0,5
2019,REINO UNIDO,DESCONOCIDO,65,14,79
2019,REINO UNIDO,EXTORSIÓN,1,0,1
2019,REINO UNIDO,HOMICIDIO / TENTATIVA DE,2,0,2
2019,REINO UNIDO,LAVADO DE ACTIVOS,1,0,1
2019,REINO UNIDO,NARCOTRÁFICO,17,2,19
2019,REINO UNIDO,NO REPORTA – CONFIDENCIALIDAD ESTATAL,1,0,1
2019,REINO UNIDO,OTROS,6,1,7
2019,REINO UNIDO,ROBO / HURTO,7,1,8
2019,REINO UNIDO,SECUESTRO,1,0,1
2019,REINO UNIDO,CRIMEN ORGANIZADO,2,0,2
2019,REINO UNIDO,DELITOS SEXUALES,5,0,5
2019,REINO UNIDO,DESCONOCIDO,65,14,79
2019,REINO UNIDO,EXTORSIÓN,1,0,1
2019,REINO UNIDO,HOMICIDIO / TENTATIVA DE,2,0,2
2019,REINO UNIDO,LAVADO DE ACTIVOS,1,0,1
2019,REINO UNIDO,LESIONES PERSONALES,1,0,1
2019,REINO UNIDO,NARCOTRÁFICO,18,2,20
2019,REINO UNIDO,NO REPORTA – CONFIDENCIALIDAD ESTATAL,1,0,1
2019,REINO UNIDO,OTROS,6,1,7
2019,REINO UNIDO,ROBO / HURTO,8,1,9
2019,REINO UNIDO,SECUESTRO,1,0,1
2019,REINO UNIDO,CRIMEN ORGANIZADO,2,0,2
2019,REINO UNIDO,DELITOS SEXUALES,5,0,5
2019,REINO UNIDO,DESCONOCIDO,65,14,79
2019,REINO UNIDO,EXTORSIÓN,1,0,1
2019,REINO UNIDO,HOMICIDIO / TENTATIVA DE,2,0,2
2019,REINO UNIDO,LAVADO DE ACTIVOS,1,0,1
2019,REINO UNIDO,LESIONES PERSONALES,1,0,1
2019,REINO UNIDO,NARCOTRÁFICO,15,1,16
2019,REINO UNIDO,NO REPORTA – CONFIDENCIALIDAD ESTATAL,1,0,1
2019,REINO UNIDO,OTROS,6,1,7
2019,REINO UNIDO,ROBO / HURTO,8,1,9
2019,REINO UNIDO,SECUESTRO,1,0,1
2019,REINO UNIDO,CRIMEN ORGANIZADO,2,0,2
2019,REINO UNIDO,DELITOS SEXUALES,5,0,5
2019,REINO UNIDO,DESCONOCIDO,65,14,79
2019,REINO UNIDO,EXTORSIÓN,1,0,1
2019,REINO UNIDO,HOMICIDIO / TENTATIVA DE,2,0,2
2019,REINO UNIDO,LAVADO DE ACTIVOS,1,0,1
2019,REINO UNIDO,LESIONES PERSONALES,1,0,1
2019,REINO UNIDO,NARCOTRÁFICO,15,1,16
2019,REINO UNIDO,NO REPORTA – CONFIDENCIALIDAD ESTATAL,1,0,1
2019,REINO UNIDO,OTROS,6,1,7
2019,REINO UNIDO,ROBO / HURTO,8,1,9
2019,REINO UNIDO,SECUESTRO,1,0,1
2019,REPUBLICA CHECA,NARCOTRÁFICO,2,0,2
2019,REPUBLICA CHECA,NARCOTRÁFICO,2,0,2
2019,REPUBLICA CHECA,NARCOTRÁFICO,2,0,2
2019,REPUBLICA CHECA,NARCOTRÁFICO,2,0,2
2019,REPUBLICA DOMINICANA,ALLANAMIENTO,1,0,1
2019,REPUBLICA DOMINICANA,CRIMEN ORGANIZADO,3,0,3
2019,REPUBLICA DOMINICANA,FRAUDE / ESTAFA,1,0,1
2019,REPUBLICA DOMINICANA,HOMICIDIO / TENTATIVA DE,4,0,4
2019,REPUBLICA DOMINICANA,LAVADO DE ACTIVOS,4,2,6
2019,REPUBLICA DOMINICANA,LESIONES PERSONALES,1,1,2
2019,REPUBLICA DOMINICANA,NARCOTRÁFICO,48,3,51
2019,REPUBLICA DOMINICANA,OTROS,3,0,3
2019,REPUBLICA DOMINICANA,PORTE ILEGAL DE ARMAS,4,0,4
2019,REPUBLICA DOMINICANA,ROBO / HURTO,2,0,2
2019,REPUBLICA DOMINICANA,SECUESTRO,1,0,1
2019,REPUBLICA DOMINICANA,TERRORISMO,0,2,2
2019,REPUBLICA DOMINICANA,VIOLENCIA DE GENERO,1,0,1
2019,REPUBLICA DOMINICANA,VIOLENCIA INTRAFAMILIAR,1,0,1
2019,REPUBLICA DOMINICANA,ALLANAMIENTO,1,0,1
2019,REPUBLICA DOMINICANA,CRIMEN ORGANIZADO,3,0,3
2019,REPUBLICA DOMINICANA,FRAUDE / ESTAFA,2,0,2
2019,REPUBLICA DOMINICANA,HOMICIDIO / TENTATIVA DE,4,0,4
2019,REPUBLICA DOMINICANA,LAVADO DE ACTIVOS,5,0,5
2019,REPUBLICA DOMINICANA,LESIONES PERSONALES,1,1,2
2019,REPUBLICA DOMINICANA,NARCOTRÁFICO,48,1,49
2019,REPUBLICA DOMINICANA,OTROS,3,0,3
2019,REPUBLICA DOMINICANA,PORTE ILEGAL DE ARMAS,5,0,5
2019,REPUBLICA DOMINICANA,ROBO / HURTO,3,0,3
2019,REPUBLICA DOMINICANA,SECUESTRO,1,0,1
2019,REPUBLICA DOMINICANA,VIOLENCIA DE GENERO,1,0,1
2019,REPUBLICA DOMINICANA,VIOLENCIA INTRAFAMILIAR,1,0,1
2019,REPUBLICA DOMINICANA,ALLANAMIENTO,1,0,1
2019,REPUBLICA DOMINICANA,CRIMEN ORGANIZADO,3,0,3
2019,REPUBLICA DOMINICANA,FRAUDE / ESTAFA,3,0,3
2019,REPUBLICA DOMINICANA,HOMICIDIO / TENTATIVA DE,4,0,4
2019,REPUBLICA DOMINICANA,LAVADO DE ACTIVOS,7,0,7
2019,REPUBLICA DOMINICANA,LESIONES PERSONALES,1,1,2
2019,REPUBLICA DOMINICANA,NARCOTRÁFICO,53,1,54
2019,REPUBLICA DOMINICANA,OTROS,3,0,3
2019,REPUBLICA DOMINICANA,PORTE ILEGAL DE ARMAS,5,0,5
2019,REPUBLICA DOMINICANA,ROBO / HURTO,4,0,4
2019,REPUBLICA DOMINICANA,SECUESTRO,1,0,1
2019,REPUBLICA DOMINICANA,VIOLENCIA DE GENERO,1,0,1
2019,REPUBLICA DOMINICANA,VIOLENCIA INTRAFAMILIAR,1,0,1
2019,REPUBLICA DOMINICANA,ALLANAMIENTO,1,0,1
2019,REPUBLICA DOMINICANA,CRIMEN ORGANIZADO,3,0,3
2019,REPUBLICA DOMINICANA,FRAUDE / ESTAFA,3,0,3
2019,REPUBLICA DOMINICANA,HOMICIDIO / TENTATIVA DE,4,0,4
2019,REPUBLICA DOMINICANA,LAVADO DE ACTIVOS,7,2,9
2019,REPUBLICA DOMINICANA,LESIONES PERSONALES,1,1,2
2019,REPUBLICA DOMINICANA,NARCOTRÁFICO,53,3,56
2019,REPUBLICA DOMINICANA,OTROS,3,0,3
2019,REPUBLICA DOMINICANA,PORTE ILEGAL DE ARMAS,5,0,5
2019,REPUBLICA DOMINICANA,ROBO / HURTO,4,0,4
2019,REPUBLICA DOMINICANA,SECUESTRO,1,0,1
2019,REPUBLICA DOMINICANA,TERRORISMO,0,2,2
2019,REPUBLICA DOMINICANA,VIOLENCIA DE GENERO,1,0,1
2019,REPUBLICA DOMINICANA,VIOLENCIA INTRAFAMILIAR,1,0,1
2019,RUMANIA,NARCOTRÁFICO,2,0,2
2019,RUMANIA,NARCOTRÁFICO,2,0,2
2019,RUMANIA,NARCOTRÁFICO,2,0,2
2019,RUMANIA,NARCOTRÁFICO,2,0,2
2019,SINGAPUR,DESCONOCIDO,4,0,4
2019,SINGAPUR,ROBO / HURTO,2,0,2
2019,SINGAPUR,DESCONOCIDO,4,0,4
2019,SINGAPUR,ROBO / HURTO,2,0,2
2019,SINGAPUR,DESCONOCIDO,4,0,4
2019,SINGAPUR,ROBO / HURTO,1,0,1
2019,SINGAPUR,DESCONOCIDO,4,0,4
2019,SINGAPUR,ROBO / HURTO,1,0,1
2019,SUDAFRICA,DESCONOCIDO,4,0,4
2019,SUDAFRICA,NARCOTRÁFICO,1,0,1
2019,SUDAFRICA,DESCONOCIDO,4,0,4
2019,SUDAFRICA,DESCONOCIDO,4,0,4
2019,SUDAFRICA,DESCONOCIDO,4,0,4
2019,SUECIA,DESCONOCIDO,11,6,17
2019,SUECIA,HOMICIDIO / TENTATIVA DE,1,0,1
2019,SUECIA,NARCOTRÁFICO,1,1,2
2019,SUECIA,TRATA DE PERSONAS,1,0,1
2019,SUECIA,DESCONOCIDO,11,6,17
2019,SUECIA,HOMICIDIO / TENTATIVA DE,1,0,1
2019,SUECIA,NARCOTRÁFICO,1,1,2
2019,SUECIA,TRATA DE PERSONAS,1,0,1
2019,SUECIA,DESCONOCIDO,11,6,17
2019,SUECIA,HOMICIDIO / TENTATIVA DE,1,0,1
2019,SUECIA,NARCOTRÁFICO,1,1,2
2019,SUECIA,TRATA DE PERSONAS,1,0,1
2019,SUECIA,VIOLENCIA INTRAFAMILIAR,1,0,1
2019,SUECIA,DESCONOCIDO,11,6,17
2019,SUECIA,HOMICIDIO / TENTATIVA DE,1,0,1
2019,SUECIA,NARCOTRÁFICO,1,1,2
2019,SUECIA,TRATA DE PERSONAS,1,0,1
2019,SUECIA,VIOLENCIA INTRAFAMILIAR,1,0,1
2019,SUIZA,DELITO MIGRATORIO,1,0,1
2019,SUIZA,DELITOS SEXUALES,1,0,1
2019,SUIZA,NARCOTRÁFICO,3,0,3
2019,SUIZA,OTROS,1,0,1
2019,SUIZA,ROBO / HURTO,5,0,5
2019,SUIZA,DELITO MIGRATORIO,1,0,1
2019,SUIZA,DELITOS SEXUALES,1,0,1
2019,SUIZA,NARCOTRÁFICO,3,0,3
2019,SUIZA,OTROS,1,0,1
2019,SUIZA,ROBO / HURTO,5,0,5
2019,SUIZA,DELITO MIGRATORIO,1,0,1
2019,SUIZA,DELITOS SEXUALES,1,0,1
2019,SUIZA,NARCOTRÁFICO,4,0,4
2019,SUIZA,OTROS,1,0,1
2019,SUIZA,ROBO / HURTO,5,0,5
2019,SUIZA,DELITOS SEXUALES,1,0,1
2019,SUIZA,NARCOTRÁFICO,2,0,2
2019,SUIZA,OTROS,1,0,1
2019,SUIZA,ROBO / HURTO,5,0,5
2019,SURINAM,NARCOTRÁFICO,2,1,3
2019,SURINAM,NARCOTRÁFICO,2,1,3
2019,SURINAM,NARCOTRÁFICO,2,1,3
2019,TAILANDIA,DELITO MIGRATORIO,2,0,2
2019,TAILANDIA,DESCONOCIDO,0,1,1
2019,TAILANDIA,NARCOTRÁFICO,2,1,3
2019,TAILANDIA,ROBO / HURTO,18,1,19
2019,TAILANDIA,DELITO MIGRATORIO,2,0,2
2019,TAILANDIA,DESCONOCIDO,0,1,1
2019,TAILANDIA,NARCOTRÁFICO,2,1,3
2019,TAILANDIA,ROBO / HURTO,19,1,20
2019,TAILANDIA,DELITO MIGRATORIO,2,0,2
2019,TAILANDIA,DESCONOCIDO,0,1,1
2019,TAILANDIA,NARCOTRÁFICO,2,1,3
2019,TAILANDIA,ROBO / HURTO,20,1,21
2019,TAILANDIA,DELITO MIGRATORIO,2,0,2
2019,TAILANDIA,DESCONOCIDO,0,1,1
2019,TAILANDIA,NARCOTRÁFICO,2,1,3
2019,TAILANDIA,ROBO / HURTO,20,1,21
2019,TANZANIA,NARCOTRÁFICO,1,0,1
2019,TANZANIA,NARCOTRÁFICO,1,0,1
2019,TANZANIA,NARCOTRÁFICO,1,0,1
2019,TANZANIA,NARCOTRÁFICO,1,0,1
2019,TOGO,NARCOTRÁFICO,2,1,3
2019,TOGO,NARCOTRÁFICO,2,1,3
2019,TOGO,NARCOTRÁFICO,2,1,3
2019,TOGO,NARCOTRÁFICO,2,1,3
2019,TRINIDAD Y TOBAGO,DELITO MIGRATORIO,2,1,3
2019,TRINIDAD Y TOBAGO,DELITOS SEXUALES,1,0,1
2019,TRINIDAD Y TOBAGO,NARCOTRÁFICO,1,0,1
2019,TRINIDAD Y TOBAGO,DELITO MIGRATORIO,2,0,2
2019,TRINIDAD Y TOBAGO,DELITOS SEXUALES,1,0,1
2019,TRINIDAD Y TOBAGO,NARCOTRÁFICO,1,0,1
2019,TRINIDAD Y TOBAGO,DELITO MIGRATORIO,1,1,2
2019,TRINIDAD Y TOBAGO,DELITOS SEXUALES,1,0,1
2019,TRINIDAD Y TOBAGO,NARCOTRÁFICO,1,0,1
2019,TRINIDAD Y TOBAGO,DELITO MIGRATORIO,1,1,2
2019,TRINIDAD Y TOBAGO,DELITOS SEXUALES,1,0,1
2019,TRINIDAD Y TOBAGO,NARCOTRÁFICO,1,0,1
2019,TURQUIA,CRIMEN ORGANIZADO,1,0,1
2019,TURQUIA,DESCONOCIDO,3,1,4
2019,TURQUIA,NARCOTRÁFICO,21,5,26
2019,TURQUIA,ROBO / HURTO,10,1,11
2019,TURQUIA,CRIMEN ORGANIZADO,1,0,1
2019,TURQUIA,DESCONOCIDO,3,1,4
2019,TURQUIA,NARCOTRÁFICO,21,4,25
2019,TURQUIA,ROBO / HURTO,11,1,12
2019,TURQUIA,CRIMEN ORGANIZADO,1,0,1
2019,TURQUIA,DESCONOCIDO,3,1,4
2019,TURQUIA,NARCOTRÁFICO,22,4,26
2019,TURQUIA,ROBO / HURTO,11,1,12
2019,TURQUIA,CRIMEN ORGANIZADO,1,0,1
2019,TURQUIA,DESCONOCIDO,3,1,4
2019,TURQUIA,NARCOTRÁFICO,22,4,26
2019,TURQUIA,ROBO / HURTO,11,1,12
2019,URUGUAY,CRIMEN ORGANIZADO,1,0,1
2019,URUGUAY,DESCONOCIDO,3,0,3
2019,URUGUAY,FRAUDE / ESTAFA,4,0,4
2019,URUGUAY,HOMICIDIO / TENTATIVA DE,1,0,1
2019,URUGUAY,NARCOTRÁFICO,8,0,8
2019,URUGUAY,ROBO / HURTO,1,0,1
2019,URUGUAY,CRIMEN ORGANIZADO,1,0,1
2019,URUGUAY,DESCONOCIDO,3,0,3
2019,URUGUAY,FRAUDE / ESTAFA,4,0,4
2019,URUGUAY,HOMICIDIO / TENTATIVA DE,1,0,1
2019,URUGUAY,NARCOTRÁFICO,8,0,8
2019,URUGUAY,ROBO / HURTO,1,1,2
2019,URUGUAY,CRIMEN ORGANIZADO,1,0,1
2019,URUGUAY,DESCONOCIDO,3,0,3
2019,URUGUAY,FRAUDE / ESTAFA,4,0,4
2019,URUGUAY,HOMICIDIO / TENTATIVA DE,1,0,1
2019,URUGUAY,NARCOTRÁFICO,10,0,10
2019,URUGUAY,OTROS,1,0,1
2019,URUGUAY,PORTE ILEGAL DE ARMAS,2,0,2
2019,URUGUAY,ROBO / HURTO,2,1,3
2019,URUGUAY,CRIMEN ORGANIZADO,1,0,1
2019,URUGUAY,DESCONOCIDO,3,0,3
2019,URUGUAY,FRAUDE / ESTAFA,4,0,4
2019,URUGUAY,HOMICIDIO / TENTATIVA DE,1,0,1
2019,URUGUAY,NARCOTRÁFICO,10,0,10
2019,URUGUAY,OTROS,1,0,1
2019,URUGUAY,PORTE ILEGAL DE ARMAS,2,0,2
2019,URUGUAY,ROBO / HURTO,3,1,4
2019,Matematicas,AMENAZAS,1,0,1
2019,Matematicas,CONTRABANDO,64,13,77
2019,Matematicas,CRIMEN ORGANIZADO,39,6,45
2019,Matematicas,DAÑOS,2,0,2
2019,Matematicas,DELITOS SEXUALES,154,3,157
2019,Matematicas,DESACATO A LA AUTORIDAD,9,1,10
2019,Matematicas,DESCONOCIDO,969,138,1107
2019,Matematicas,EXTORSIÓN,44,8,52
2019,Matematicas,FALSEDAD EN DOCUMENTO,9,1,10
2019,Matematicas,FALSIFICACIÓN,2,0,2
2019,Matematicas,FALSO TESTIMONIO,0,1,1
2019,Matematicas,FRAUDE / ESTAFA,14,7,21
2019,Matematicas,HOMICIDIO / TENTATIVA DE,266,19,285
2019,Matematicas,LAVADO DE ACTIVOS,4,1,5
2019,Matematicas,LESIONES PERSONALES,9,1,10
2019,Matematicas,NARCOTRÁFICO,606,176,782
2019,Matematicas,NO REPORTA – CONFIDENCIALIDAD ESTATAL,4,0,4
2019,Matematicas,OTROS,56,13,69
2019,Matematicas,PORTE ILEGAL DE ARMAS,68,3,71
2019,Matematicas,ROBO / HURTO,336,28,364
2019,Matematicas,SECUESTRO,107,18,125
2019,Matematicas,TERRORISMO,21,0,21
2019,Matematicas,TRATA DE PERSONAS,2,0,2
2019,Matematicas,VIOLENCIA DE GENERO,18,0,18
2019,Matematicas,VIOLENCIA INTRAFAMILIAR,2,0,2
2019,Matematicas,AMENAZAS,1,0,1
2019,Matematicas,CONTRABANDO,66,13,79
2019,Matematicas,CRIMEN ORGANIZADO,43,6,49
2019,Matematicas,DAÑOS,2,0,2
2019,Matematicas,DELITOS SEXUALES,154,3,157
2019,Matematicas,DESACATO A LA AUTORIDAD,8,1,9
2019,Matematicas,DESCONOCIDO,969,138,1107
2019,Matematicas,EXTORSIÓN,43,8,51
2019,Matematicas,FALSEDAD EN DOCUMENTO,7,1,8
2019,Matematicas,FALSIFICACIÓN,1,0,1
2019,Matematicas,FALSO TESTIMONIO,0,1,1
2019,Matematicas,FRAUDE / ESTAFA,13,7,20
2019,Matematicas,HOMICIDIO / TENTATIVA DE,268,19,287
2019,Matematicas,LAVADO DE ACTIVOS,5,1,6
2019,Matematicas,LESIONES PERSONALES,8,1,9
2019,Matematicas,NARCOTRÁFICO,607,177,784
2019,Matematicas,NO REPORTA – CONFIDENCIALIDAD ESTATAL,4,0,4
2019,Matematicas,OTROS,57,14,71
2019,Matematicas,PORTE ILEGAL DE ARMAS,67,4,71
2019,Matematicas,ROBO / HURTO,339,29,368
2019,Matematicas,SECUESTRO,106,19,125
2019,Matematicas,TERRORISMO,21,0,21
2019,Matematicas,TRATA DE PERSONAS,2,0,2
2019,Matematicas,VIOLENCIA DE GENERO,22,0,22
2019,Matematicas,VIOLENCIA INTRAFAMILIAR,3,0,3
2019,Matematicas,AMENAZAS,1,0,1
2019,Matematicas,CONTRABANDO,55,12,67
2019,Matematicas,CRIMEN ORGANIZADO,38,5,43
2019,Matematicas,DAÑOS,1,0,1
2019,Matematicas,DELITOS SEXUALES,152,3,155
2019,Matematicas,DESACATO A LA AUTORIDAD,7,1,8
2019,Matematicas,DESCONOCIDO,969,138,1107
2019,Matematicas,EXTORSIÓN,43,8,51
2019,Matematicas,FALSEDAD EN DOCUMENTO,6,1,7
2019,Matematicas,FALSIFICACIÓN,1,0,1
2019,Matematicas,FALSO TESTIMONIO,0,1,1
2019,Matematicas,FRAUDE / ESTAFA,13,7,20
2019,Matematicas,HOMICIDIO / TENTATIVA DE,268,19,287
2019,Matematicas,LAVADO DE ACTIVOS,4,1,5
2019,Matematicas,LESIONES PERSONALES,7,1,8
2019,Matematicas,NARCOTRÁFICO,607,177,784
2019,Matematicas,NO REPORTA – CONFIDENCIALIDAD ESTATAL,4,0,4
2019,Matematicas,OTROS,57,13,70
2019,Matematicas,PORTE ILEGAL DE ARMAS,67,3,70
2019,Matematicas,ROBO / HURTO,338,28,366
2019,Matematicas,SECUESTRO,106,19,125
2019,Matematicas,TERRORISMO,21,0,21
2019,Matematicas,TRATA DE PERSONAS,2,0,2
2019,Matematicas,VIOLENCIA DE GENERO,22,0,22
2019,Matematicas,VIOLENCIA INTRAFAMILIAR,3,0,3
2019,Matematicas,AMENAZAS,1,0,1
2019,Matematicas,CONTRABANDO,55,13,68
2019,Matematicas,CRIMEN ORGANIZADO,34,5,39
2019,Matematicas,DAÑOS,1,0,1
2019,Matematicas,DELITOS SEXUALES,152,3,155
2019,Matematicas,DESACATO A LA AUTORIDAD,8,1,9
2019,Matematicas,DESCONOCIDO,969,138,1107
2019,Matematicas,EXTORSIÓN,40,8,48
2019,Matematicas,FALSEDAD EN DOCUMENTO,6,1,7
2019,Matematicas,FALSIFICACIÓN,1,0,1
2019,Matematicas,FALSO TESTIMONIO,0,1,1
2019,Matematicas,FRAUDE / ESTAFA,13,7,20
2019,Matematicas,HOMICIDIO / TENTATIVA DE,265,19,284
2019,Matematicas,LAVADO DE ACTIVOS,4,1,5
2019,Matematicas,LESIONES PERSONALES,7,1,8
2019,Matematicas,NARCOTRÁFICO,612,180,792
2019,Matematicas,NO REPORTA – CONFIDENCIALIDAD ESTATAL,4,0,4
2019,Matematicas,OTROS,51,13,64
2019,Matematicas,PORTE ILEGAL DE ARMAS,67,3,70
2019,Matematicas,ROBO / HURTO,344,29,373
2019,Matematicas,SECUESTRO,105,19,124
2019,Matematicas,TERRORISMO,21,0,21
2019,Matematicas,TRATA DE PERSONAS,2,0,2
2019,Matematicas,VIOLENCIA DE GENERO,21,0,21
2019,Matematicas,VIOLENCIA INTRAFAMILIAR,3,0,3
2019,VIET NAM,NARCOTRÁFICO,0,1,1
2019,VIET NAM,ROBO / HURTO,5,0,5
2019,VIET NAM,NARCOTRÁFICO,0,1,1
2019,VIET NAM,ROBO / HURTO,5,0,5
2019,VIET NAM,NARCOTRÁFICO,0,1,1
2019,VIET NAM,ROBO / HURTO,5,0,5
2019,VIET NAM,NARCOTRÁFICO,0,1,1
2019,VIET NAM,ROBO / HURTO,5,0,5
